"","X","Intensity","Channel","Region","Fieldname","Age","n"
"1",1,616.513513513514,"tdt_int","MZ","E17_s011","E17.5","B2"
"2",2,1742.02702702703,"tdt_int","MZ","E17_s011","E17.5","B2"
"3",3,1324.51351351351,"tdt_int","MZ","E17_s011","E17.5","B2"
"4",4,1722.78378378378,"tdt_int","MZ","E17_s011","E17.5","B2"
"5",5,1081.64864864865,"tdt_int","MZ","E17_s011","E17.5","B2"
"6",6,944.486486486486,"tdt_int","MZ","E17_s011","E17.5","B2"
"7",7,1764.54054054054,"tdt_int","MZ","E17_s011","E17.5","B2"
"8",8,1438.78378378378,"tdt_int","MZ","E17_s011","E17.5","B2"
"9",9,2772.10810810811,"tdt_int","MZ","E17_s011","E17.5","B2"
"10",10,3703.81818181818,"tdt_int","MZ","E17_s011","E17.5","B2"
"11",11,877.108108108108,"tdt_int","MZ","E17_s011","E17.5","B2"
"12",12,754.675675675676,"tdt_int","MZ","E17_s011","E17.5","B2"
"13",13,1001.89189189189,"tdt_int","MZ","E17_s011","E17.5","B2"
"14",14,1216.7027027027,"tdt_int","MZ","E17_s011","E17.5","B2"
"15",15,1703,"tdt_int","MZ","E17_s011","E17.5","B2"
"16",16,2250.43243243243,"tdt_int","MZ","E17_s011","E17.5","B2"
"17",17,988.810810810811,"tdt_int","MZ","E17_s011","E17.5","B2"
"18",18,2020.51351351351,"tdt_int","MZ","E17_s011","E17.5","B2"
"19",19,1310.72972972973,"tdt_int","MZ","E17_s011","E17.5","B2"
"20",20,2193.75675675676,"tdt_int","MZ","E17_s011","E17.5","B2"
"21",21,2426.54054054054,"tdt_int","MZ","E17_s011","E17.5","B2"
"22",22,3196.72972972973,"tdt_int","MZ","E17_s011","E17.5","B2"
"23",23,2383.83783783784,"tdt_int","MZ","E17_s011","E17.5","B2"
"24",24,1112.24324324324,"tdt_int","MZ","E17_s011","E17.5","B2"
"25",25,792.486486486486,"tdt_int","MZ","E17_s011","E17.5","B2"
"26",26,405.216216216216,"Mafb_int","MZ","E17_s011","E17.5","B2"
"27",27,546,"Mafb_int","MZ","E17_s011","E17.5","B2"
"28",28,226.810810810811,"Mafb_int","MZ","E17_s011","E17.5","B2"
"29",29,465.918918918919,"Mafb_int","MZ","E17_s011","E17.5","B2"
"30",30,101.945945945946,"Mafb_int","MZ","E17_s011","E17.5","B2"
"31",31,385.648648648649,"Mafb_int","MZ","E17_s011","E17.5","B2"
"32",32,371.216216216216,"Mafb_int","MZ","E17_s011","E17.5","B2"
"33",33,375.162162162162,"Mafb_int","MZ","E17_s011","E17.5","B2"
"34",34,410.459459459459,"Mafb_int","MZ","E17_s011","E17.5","B2"
"35",35,360,"Mafb_int","MZ","E17_s011","E17.5","B2"
"36",36,85.6486486486486,"Mafb_int","MZ","E17_s011","E17.5","B2"
"37",37,173.837837837838,"Mafb_int","MZ","E17_s011","E17.5","B2"
"38",38,554.432432432432,"Mafb_int","MZ","E17_s011","E17.5","B2"
"39",39,306.621621621622,"Mafb_int","MZ","E17_s011","E17.5","B2"
"40",40,432.318181818182,"Mafb_int","MZ","E17_s011","E17.5","B2"
"41",41,475.675675675676,"Mafb_int","MZ","E17_s011","E17.5","B2"
"42",42,149.027027027027,"Mafb_int","MZ","E17_s011","E17.5","B2"
"43",43,415.783783783784,"Mafb_int","MZ","E17_s011","E17.5","B2"
"44",44,403.243243243243,"Mafb_int","MZ","E17_s011","E17.5","B2"
"45",45,258.108108108108,"Mafb_int","MZ","E17_s011","E17.5","B2"
"46",46,585.432432432432,"Mafb_int","MZ","E17_s011","E17.5","B2"
"47",47,530.621621621622,"Mafb_int","MZ","E17_s011","E17.5","B2"
"48",48,883.945945945946,"Mafb_int","MZ","E17_s011","E17.5","B2"
"49",49,321.486486486487,"Mafb_int","MZ","E17_s011","E17.5","B2"
"50",50,543.810810810811,"Mafb_int","MZ","E17_s011","E17.5","B2"
"51",51,1234.51724137931,"tdt_int","CP","E17_s011","E17.5","B2"
"52",52,2579.13513513513,"tdt_int","CP","E17_s011","E17.5","B2"
"53",53,1846.64864864865,"tdt_int","CP","E17_s011","E17.5","B2"
"54",54,2391.67567567568,"tdt_int","CP","E17_s011","E17.5","B2"
"55",55,1719.05405405405,"tdt_int","CP","E17_s011","E17.5","B2"
"56",56,990.405405405405,"tdt_int","CP","E17_s011","E17.5","B2"
"57",57,912.783783783784,"tdt_int","CP","E17_s011","E17.5","B2"
"58",58,2599.89189189189,"tdt_int","CP","E17_s011","E17.5","B2"
"59",59,1660.02702702703,"tdt_int","CP","E17_s011","E17.5","B2"
"60",60,2384.21621621622,"tdt_int","CP","E17_s011","E17.5","B2"
"61",61,1989.64864864865,"tdt_int","CP","E17_s011","E17.5","B2"
"62",62,2135.21621621622,"tdt_int","CP","E17_s011","E17.5","B2"
"63",63,2457.48648648649,"tdt_int","CP","E17_s011","E17.5","B2"
"64",64,880.567567567568,"tdt_int","CP","E17_s011","E17.5","B2"
"65",65,701.351351351351,"tdt_int","CP","E17_s011","E17.5","B2"
"66",66,3574,"tdt_int","CP","E17_s011","E17.5","B2"
"67",67,1614.79310344828,"tdt_int","CP","E17_s011","E17.5","B2"
"68",68,2395.62162162162,"tdt_int","CP","E17_s011","E17.5","B2"
"69",69,1181.27027027027,"tdt_int","CP","E17_s011","E17.5","B2"
"70",70,1726.73333333333,"tdt_int","CP","E17_s011","E17.5","B2"
"71",71,2283.64864864865,"tdt_int","CP","E17_s011","E17.5","B2"
"72",72,928.513513513514,"tdt_int","CP","E17_s011","E17.5","B2"
"73",73,1012.13513513514,"tdt_int","CP","E17_s011","E17.5","B2"
"74",74,2644,"tdt_int","CP","E17_s011","E17.5","B2"
"75",75,761.837837837838,"tdt_int","CP","E17_s011","E17.5","B2"
"76",76,889.621621621622,"tdt_int","CP","E17_s011","E17.5","B2"
"77",77,2014.27027027027,"tdt_int","CP","E17_s011","E17.5","B2"
"78",78,920.081081081081,"tdt_int","CP","E17_s011","E17.5","B2"
"79",79,2487.16216216216,"tdt_int","CP","E17_s011","E17.5","B2"
"80",80,790,"tdt_int","CP","E17_s011","E17.5","B2"
"81",81,3877.62162162162,"tdt_int","CP","E17_s011","E17.5","B2"
"82",82,1203.32432432432,"tdt_int","CP","E17_s011","E17.5","B2"
"83",83,1012.02702702703,"tdt_int","CP","E17_s011","E17.5","B2"
"84",84,3754.40540540541,"tdt_int","CP","E17_s011","E17.5","B2"
"85",85,1245.51351351351,"tdt_int","CP","E17_s011","E17.5","B2"
"86",86,947.875,"tdt_int","CP","E17_s011","E17.5","B2"
"87",87,178.103448275862,"Mafb_int","CP","E17_s011","E17.5","B2"
"88",88,303.891891891892,"Mafb_int","CP","E17_s011","E17.5","B2"
"89",89,205.054054054054,"Mafb_int","CP","E17_s011","E17.5","B2"
"90",90,1140.81081081081,"Mafb_int","CP","E17_s011","E17.5","B2"
"91",91,370.972972972973,"Mafb_int","CP","E17_s011","E17.5","B2"
"92",92,555.513513513514,"Mafb_int","CP","E17_s011","E17.5","B2"
"93",93,212.054054054054,"Mafb_int","CP","E17_s011","E17.5","B2"
"94",94,866.405405405405,"Mafb_int","CP","E17_s011","E17.5","B2"
"95",95,285.486486486487,"Mafb_int","CP","E17_s011","E17.5","B2"
"96",96,505.675675675676,"Mafb_int","CP","E17_s011","E17.5","B2"
"97",97,265.243243243243,"Mafb_int","CP","E17_s011","E17.5","B2"
"98",98,514.513513513514,"Mafb_int","CP","E17_s011","E17.5","B2"
"99",99,384.594594594595,"Mafb_int","CP","E17_s011","E17.5","B2"
"100",100,111.27027027027,"Mafb_int","CP","E17_s011","E17.5","B2"
"101",101,98.2432432432432,"Mafb_int","CP","E17_s011","E17.5","B2"
"102",102,307.6,"Mafb_int","CP","E17_s011","E17.5","B2"
"103",103,219.068965517241,"Mafb_int","CP","E17_s011","E17.5","B2"
"104",104,1059.48648648649,"Mafb_int","CP","E17_s011","E17.5","B2"
"105",105,309.72972972973,"Mafb_int","CP","E17_s011","E17.5","B2"
"106",106,424.133333333333,"Mafb_int","CP","E17_s011","E17.5","B2"
"107",107,698.378378378378,"Mafb_int","CP","E17_s011","E17.5","B2"
"108",108,155.405405405405,"Mafb_int","CP","E17_s011","E17.5","B2"
"109",109,362.189189189189,"Mafb_int","CP","E17_s011","E17.5","B2"
"110",110,567.918918918919,"Mafb_int","CP","E17_s011","E17.5","B2"
"111",111,275.081081081081,"Mafb_int","CP","E17_s011","E17.5","B2"
"112",112,313.405405405405,"Mafb_int","CP","E17_s011","E17.5","B2"
"113",113,216.243243243243,"Mafb_int","CP","E17_s011","E17.5","B2"
"114",114,457.378378378378,"Mafb_int","CP","E17_s011","E17.5","B2"
"115",115,474.054054054054,"Mafb_int","CP","E17_s011","E17.5","B2"
"116",116,117.324324324324,"Mafb_int","CP","E17_s011","E17.5","B2"
"117",117,414.081081081081,"Mafb_int","CP","E17_s011","E17.5","B2"
"118",118,99.3513513513514,"Mafb_int","CP","E17_s011","E17.5","B2"
"119",119,208.702702702703,"Mafb_int","CP","E17_s011","E17.5","B2"
"120",120,405.189189189189,"Mafb_int","CP","E17_s011","E17.5","B2"
"121",121,352.108108108108,"Mafb_int","CP","E17_s011","E17.5","B2"
"122",122,292.125,"Mafb_int","CP","E17_s011","E17.5","B2"
"123",123,1001.75675675676,"tdt_int","SVZ","E17_s011","E17.5","B2"
"124",124,1011.48648648649,"tdt_int","SVZ","E17_s011","E17.5","B2"
"125",125,1584.125,"tdt_int","SVZ","E17_s011","E17.5","B2"
"126",126,919.621621621622,"tdt_int","SVZ","E17_s011","E17.5","B2"
"127",127,2007.59459459459,"tdt_int","SVZ","E17_s011","E17.5","B2"
"128",128,3835.7027027027,"tdt_int","SVZ","E17_s011","E17.5","B2"
"129",129,695.675675675676,"tdt_int","SVZ","E17_s011","E17.5","B2"
"130",130,2047.05405405405,"tdt_int","SVZ","E17_s011","E17.5","B2"
"131",131,2482.40540540541,"tdt_int","SVZ","E17_s011","E17.5","B2"
"132",132,1402.56756756757,"tdt_int","SVZ","E17_s011","E17.5","B2"
"133",133,1648.45945945946,"tdt_int","SVZ","E17_s011","E17.5","B2"
"134",134,871.448275862069,"tdt_int","SVZ","E17_s011","E17.5","B2"
"135",135,162.324324324324,"Mafb_int","SVZ","E17_s011","E17.5","B2"
"136",136,465.459459459459,"Mafb_int","SVZ","E17_s011","E17.5","B2"
"137",137,183.625,"Mafb_int","SVZ","E17_s011","E17.5","B2"
"138",138,93.3783783783784,"Mafb_int","SVZ","E17_s011","E17.5","B2"
"139",139,103.837837837838,"Mafb_int","SVZ","E17_s011","E17.5","B2"
"140",140,372.081081081081,"Mafb_int","SVZ","E17_s011","E17.5","B2"
"141",141,98.7297297297297,"Mafb_int","SVZ","E17_s011","E17.5","B2"
"142",142,174.648648648649,"Mafb_int","SVZ","E17_s011","E17.5","B2"
"143",143,112.216216216216,"Mafb_int","SVZ","E17_s011","E17.5","B2"
"144",144,197.189189189189,"Mafb_int","SVZ","E17_s011","E17.5","B2"
"145",145,100.918918918919,"Mafb_int","SVZ","E17_s011","E17.5","B2"
"146",146,290.206896551724,"Mafb_int","SVZ","E17_s011","E17.5","B2"
"147",147,593.378378378378,"tdt_int","MZ","E17_s013","E17.5","B1"
"148",148,616,"tdt_int","MZ","E17_s013","E17.5","B1"
"149",149,785.135135135135,"tdt_int","MZ","E17_s013","E17.5","B1"
"150",150,1303.86486486486,"tdt_int","MZ","E17_s013","E17.5","B1"
"151",151,690.918918918919,"tdt_int","MZ","E17_s013","E17.5","B1"
"152",152,894.594594594595,"tdt_int","MZ","E17_s013","E17.5","B1"
"153",153,1404.08108108108,"tdt_int","MZ","E17_s013","E17.5","B1"
"154",154,2448.72972972973,"tdt_int","MZ","E17_s013","E17.5","B1"
"155",155,3296.89189189189,"tdt_int","MZ","E17_s013","E17.5","B1"
"156",156,818.945945945946,"tdt_int","MZ","E17_s013","E17.5","B1"
"157",157,538.540540540541,"tdt_int","MZ","E17_s013","E17.5","B1"
"158",158,754.108108108108,"tdt_int","MZ","E17_s013","E17.5","B1"
"159",159,850.621621621622,"tdt_int","MZ","E17_s013","E17.5","B1"
"160",160,1208.27272727273,"tdt_int","MZ","E17_s013","E17.5","B1"
"161",161,772.783783783784,"tdt_int","MZ","E17_s013","E17.5","B1"
"162",162,1643.59459459459,"tdt_int","MZ","E17_s013","E17.5","B1"
"163",163,2935.97297297297,"tdt_int","MZ","E17_s013","E17.5","B1"
"164",164,3870.86486486487,"tdt_int","MZ","E17_s013","E17.5","B1"
"165",165,1047.35135135135,"tdt_int","MZ","E17_s013","E17.5","B1"
"166",166,579.162162162162,"tdt_int","MZ","E17_s013","E17.5","B1"
"167",167,2191.59459459459,"tdt_int","MZ","E17_s013","E17.5","B1"
"168",168,1040.02702702703,"tdt_int","MZ","E17_s013","E17.5","B1"
"169",169,1293.75675675676,"tdt_int","MZ","E17_s013","E17.5","B1"
"170",170,525.540540540541,"Mafb_int","MZ","E17_s013","E17.5","B1"
"171",171,85.945945945946,"Mafb_int","MZ","E17_s013","E17.5","B1"
"172",172,649.081081081081,"Mafb_int","MZ","E17_s013","E17.5","B1"
"173",173,301.405405405405,"Mafb_int","MZ","E17_s013","E17.5","B1"
"174",174,108.972972972973,"Mafb_int","MZ","E17_s013","E17.5","B1"
"175",175,203.837837837838,"Mafb_int","MZ","E17_s013","E17.5","B1"
"176",176,253.486486486486,"Mafb_int","MZ","E17_s013","E17.5","B1"
"177",177,971.864864864865,"Mafb_int","MZ","E17_s013","E17.5","B1"
"178",178,549.72972972973,"Mafb_int","MZ","E17_s013","E17.5","B1"
"179",179,163.351351351351,"Mafb_int","MZ","E17_s013","E17.5","B1"
"180",180,108.216216216216,"Mafb_int","MZ","E17_s013","E17.5","B1"
"181",181,106.297297297297,"Mafb_int","MZ","E17_s013","E17.5","B1"
"182",182,286.837837837838,"Mafb_int","MZ","E17_s013","E17.5","B1"
"183",183,286,"Mafb_int","MZ","E17_s013","E17.5","B1"
"184",184,243.108108108108,"Mafb_int","MZ","E17_s013","E17.5","B1"
"185",185,563,"Mafb_int","MZ","E17_s013","E17.5","B1"
"186",186,544.810810810811,"Mafb_int","MZ","E17_s013","E17.5","B1"
"187",187,876.351351351351,"Mafb_int","MZ","E17_s013","E17.5","B1"
"188",188,137.621621621622,"Mafb_int","MZ","E17_s013","E17.5","B1"
"189",189,144.243243243243,"Mafb_int","MZ","E17_s013","E17.5","B1"
"190",190,671.72972972973,"Mafb_int","MZ","E17_s013","E17.5","B1"
"191",191,307.081081081081,"Mafb_int","MZ","E17_s013","E17.5","B1"
"192",192,237.864864864865,"Mafb_int","MZ","E17_s013","E17.5","B1"
"193",193,805.351351351351,"tdt_int","CP","E17_s013","E17.5","B1"
"194",194,2643.91891891892,"tdt_int","CP","E17_s013","E17.5","B1"
"195",195,673.135135135135,"tdt_int","CP","E17_s013","E17.5","B1"
"196",196,3006.64864864865,"tdt_int","CP","E17_s013","E17.5","B1"
"197",197,1373.10810810811,"tdt_int","CP","E17_s013","E17.5","B1"
"198",198,810.324324324324,"tdt_int","CP","E17_s013","E17.5","B1"
"199",199,4014.18918918919,"tdt_int","CP","E17_s013","E17.5","B1"
"200",200,842.648648648649,"tdt_int","CP","E17_s013","E17.5","B1"
"201",201,539.054054054054,"tdt_int","CP","E17_s013","E17.5","B1"
"202",202,507.567567567568,"tdt_int","CP","E17_s013","E17.5","B1"
"203",203,1326.37837837838,"tdt_int","CP","E17_s013","E17.5","B1"
"204",204,3304.78378378378,"tdt_int","CP","E17_s013","E17.5","B1"
"205",205,1449.06666666667,"tdt_int","CP","E17_s013","E17.5","B1"
"206",206,724.918918918919,"tdt_int","CP","E17_s013","E17.5","B1"
"207",207,1528.62162162162,"tdt_int","CP","E17_s013","E17.5","B1"
"208",208,845.972972972973,"tdt_int","CP","E17_s013","E17.5","B1"
"209",209,746.540540540541,"tdt_int","CP","E17_s013","E17.5","B1"
"210",210,2469.45945945946,"tdt_int","CP","E17_s013","E17.5","B1"
"211",211,1305.86486486486,"tdt_int","CP","E17_s013","E17.5","B1"
"212",212,2447.45945945946,"tdt_int","CP","E17_s013","E17.5","B1"
"213",213,1116.43243243243,"tdt_int","CP","E17_s013","E17.5","B1"
"214",214,884.297297297297,"tdt_int","CP","E17_s013","E17.5","B1"
"215",215,662.567567567568,"tdt_int","CP","E17_s013","E17.5","B1"
"216",216,1434.10810810811,"tdt_int","CP","E17_s013","E17.5","B1"
"217",217,530.351351351351,"Mafb_int","CP","E17_s013","E17.5","B1"
"218",218,384,"Mafb_int","CP","E17_s013","E17.5","B1"
"219",219,155.027027027027,"Mafb_int","CP","E17_s013","E17.5","B1"
"220",220,571.297297297297,"Mafb_int","CP","E17_s013","E17.5","B1"
"221",221,223.621621621622,"Mafb_int","CP","E17_s013","E17.5","B1"
"222",222,111.540540540541,"Mafb_int","CP","E17_s013","E17.5","B1"
"223",223,554.567567567568,"Mafb_int","CP","E17_s013","E17.5","B1"
"224",224,841.513513513514,"Mafb_int","CP","E17_s013","E17.5","B1"
"225",225,87.2702702702703,"Mafb_int","CP","E17_s013","E17.5","B1"
"226",226,116.621621621622,"Mafb_int","CP","E17_s013","E17.5","B1"
"227",227,162.513513513514,"Mafb_int","CP","E17_s013","E17.5","B1"
"228",228,308.567567567568,"Mafb_int","CP","E17_s013","E17.5","B1"
"229",229,374.2,"Mafb_int","CP","E17_s013","E17.5","B1"
"230",230,130.918918918919,"Mafb_int","CP","E17_s013","E17.5","B1"
"231",231,467.540540540541,"Mafb_int","CP","E17_s013","E17.5","B1"
"232",232,180.783783783784,"Mafb_int","CP","E17_s013","E17.5","B1"
"233",233,234.945945945946,"Mafb_int","CP","E17_s013","E17.5","B1"
"234",234,634.864864864865,"Mafb_int","CP","E17_s013","E17.5","B1"
"235",235,249.081081081081,"Mafb_int","CP","E17_s013","E17.5","B1"
"236",236,558.837837837838,"Mafb_int","CP","E17_s013","E17.5","B1"
"237",237,763.459459459459,"Mafb_int","CP","E17_s013","E17.5","B1"
"238",238,153.486486486486,"Mafb_int","CP","E17_s013","E17.5","B1"
"239",239,135.054054054054,"Mafb_int","CP","E17_s013","E17.5","B1"
"240",240,246.918918918919,"Mafb_int","CP","E17_s013","E17.5","B1"
"241",241,1097.31034482759,"tdt_int","SVZ","E17_s013","E17.5","B1"
"242",242,1303.18918918919,"tdt_int","SVZ","E17_s013","E17.5","B1"
"243",243,1424.35135135135,"tdt_int","SVZ","E17_s013","E17.5","B1"
"244",244,667.486486486486,"tdt_int","SVZ","E17_s013","E17.5","B1"
"245",245,1137.40540540541,"tdt_int","SVZ","E17_s013","E17.5","B1"
"246",246,1805.35135135135,"tdt_int","SVZ","E17_s013","E17.5","B1"
"247",247,1448.62162162162,"tdt_int","SVZ","E17_s013","E17.5","B1"
"248",248,716.72972972973,"tdt_int","SVZ","E17_s013","E17.5","B1"
"249",249,1402.16216216216,"tdt_int","SVZ","E17_s013","E17.5","B1"
"250",250,197.896551724138,"Mafb_int","SVZ","E17_s013","E17.5","B1"
"251",251,246.540540540541,"Mafb_int","SVZ","E17_s013","E17.5","B1"
"252",252,218.351351351351,"Mafb_int","SVZ","E17_s013","E17.5","B1"
"253",253,98.054054054054,"Mafb_int","SVZ","E17_s013","E17.5","B1"
"254",254,175.27027027027,"Mafb_int","SVZ","E17_s013","E17.5","B1"
"255",255,756.594594594595,"Mafb_int","SVZ","E17_s013","E17.5","B1"
"256",256,209.918918918919,"Mafb_int","SVZ","E17_s013","E17.5","B1"
"257",257,102.918918918919,"Mafb_int","SVZ","E17_s013","E17.5","B1"
"258",258,224.081081081081,"Mafb_int","SVZ","E17_s013","E17.5","B1"
"259",259,3938.64864864865,"tdt_int","MZ","E17_s015","E17.5","B3"
"260",260,963.540540540541,"tdt_int","MZ","E17_s015","E17.5","B3"
"261",261,3031.86486486487,"tdt_int","MZ","E17_s015","E17.5","B3"
"262",262,1001.35135135135,"tdt_int","MZ","E17_s015","E17.5","B3"
"263",263,1255.43243243243,"tdt_int","MZ","E17_s015","E17.5","B3"
"264",264,827.297297297297,"tdt_int","MZ","E17_s015","E17.5","B3"
"265",265,2430.72972972973,"tdt_int","MZ","E17_s015","E17.5","B3"
"266",266,1140.56756756757,"tdt_int","MZ","E17_s015","E17.5","B3"
"267",267,1430,"tdt_int","MZ","E17_s015","E17.5","B3"
"268",268,926.594594594595,"tdt_int","MZ","E17_s015","E17.5","B3"
"269",269,1854.91891891892,"tdt_int","MZ","E17_s015","E17.5","B3"
"270",270,837,"tdt_int","MZ","E17_s015","E17.5","B3"
"271",271,2281.02702702703,"tdt_int","MZ","E17_s015","E17.5","B3"
"272",272,2478.75675675676,"tdt_int","MZ","E17_s015","E17.5","B3"
"273",273,928.72972972973,"tdt_int","MZ","E17_s015","E17.5","B3"
"274",274,3222,"tdt_int","MZ","E17_s015","E17.5","B3"
"275",275,505.405405405405,"Mafb_int","MZ","E17_s015","E17.5","B3"
"276",276,274.702702702703,"Mafb_int","MZ","E17_s015","E17.5","B3"
"277",277,833.810810810811,"Mafb_int","MZ","E17_s015","E17.5","B3"
"278",278,534.594594594595,"Mafb_int","MZ","E17_s015","E17.5","B3"
"279",279,208.108108108108,"Mafb_int","MZ","E17_s015","E17.5","B3"
"280",280,285.459459459459,"Mafb_int","MZ","E17_s015","E17.5","B3"
"281",281,234.297297297297,"Mafb_int","MZ","E17_s015","E17.5","B3"
"282",282,284.486486486487,"Mafb_int","MZ","E17_s015","E17.5","B3"
"283",283,419.189189189189,"Mafb_int","MZ","E17_s015","E17.5","B3"
"284",284,125.378378378378,"Mafb_int","MZ","E17_s015","E17.5","B3"
"285",285,559.567567567568,"Mafb_int","MZ","E17_s015","E17.5","B3"
"286",286,171.027027027027,"Mafb_int","MZ","E17_s015","E17.5","B3"
"287",287,301.459459459459,"Mafb_int","MZ","E17_s015","E17.5","B3"
"288",288,543.297297297297,"Mafb_int","MZ","E17_s015","E17.5","B3"
"289",289,137.567567567568,"Mafb_int","MZ","E17_s015","E17.5","B3"
"290",290,209.216216216216,"Mafb_int","MZ","E17_s015","E17.5","B3"
"291",291,947.793103448276,"tdt_int","CP","E17_s015","E17.5","B3"
"292",292,1461.40540540541,"tdt_int","CP","E17_s015","E17.5","B3"
"293",293,1141.05405405405,"tdt_int","CP","E17_s015","E17.5","B3"
"294",294,879.027027027027,"tdt_int","CP","E17_s015","E17.5","B3"
"295",295,819.783783783784,"tdt_int","CP","E17_s015","E17.5","B3"
"296",296,2779.21621621622,"tdt_int","CP","E17_s015","E17.5","B3"
"297",297,1193.48648648649,"tdt_int","CP","E17_s015","E17.5","B3"
"298",298,1470.59459459459,"tdt_int","CP","E17_s015","E17.5","B3"
"299",299,623.216216216216,"tdt_int","CP","E17_s015","E17.5","B3"
"300",300,1708.05405405405,"tdt_int","CP","E17_s015","E17.5","B3"
"301",301,944.027027027027,"tdt_int","CP","E17_s015","E17.5","B3"
"302",302,1930.62162162162,"tdt_int","CP","E17_s015","E17.5","B3"
"303",303,105.758620689655,"Mafb_int","CP","E17_s015","E17.5","B3"
"304",304,130.837837837838,"Mafb_int","CP","E17_s015","E17.5","B3"
"305",305,359.432432432432,"Mafb_int","CP","E17_s015","E17.5","B3"
"306",306,153.594594594595,"Mafb_int","CP","E17_s015","E17.5","B3"
"307",307,113.648648648649,"Mafb_int","CP","E17_s015","E17.5","B3"
"308",308,295.675675675676,"Mafb_int","CP","E17_s015","E17.5","B3"
"309",309,254.351351351351,"Mafb_int","CP","E17_s015","E17.5","B3"
"310",310,647.459459459459,"Mafb_int","CP","E17_s015","E17.5","B3"
"311",311,293.864864864865,"Mafb_int","CP","E17_s015","E17.5","B3"
"312",312,589.297297297297,"Mafb_int","CP","E17_s015","E17.5","B3"
"313",313,604.756756756757,"Mafb_int","CP","E17_s015","E17.5","B3"
"314",314,524.594594594595,"Mafb_int","CP","E17_s015","E17.5","B3"
"315",315,2664.64864864865,"tdt_int","SVZ","E17_s015","E17.5","B3"
"316",316,2269.10810810811,"tdt_int","SVZ","E17_s015","E17.5","B3"
"317",317,1445.89189189189,"tdt_int","SVZ","E17_s015","E17.5","B3"
"318",318,1045.86486486486,"tdt_int","SVZ","E17_s015","E17.5","B3"
"319",319,1317.21621621622,"tdt_int","SVZ","E17_s015","E17.5","B3"
"320",320,1852.18918918919,"tdt_int","SVZ","E17_s015","E17.5","B3"
"321",321,3316.43243243243,"tdt_int","SVZ","E17_s015","E17.5","B3"
"322",322,784.189189189189,"tdt_int","SVZ","E17_s015","E17.5","B3"
"323",323,785.702702702703,"tdt_int","SVZ","E17_s015","E17.5","B3"
"324",324,3969.59459459459,"tdt_int","SVZ","E17_s015","E17.5","B3"
"325",325,677.324324324324,"tdt_int","SVZ","E17_s015","E17.5","B3"
"326",326,476.189189189189,"Mafb_int","SVZ","E17_s015","E17.5","B3"
"327",327,155.540540540541,"Mafb_int","SVZ","E17_s015","E17.5","B3"
"328",328,95.5135135135135,"Mafb_int","SVZ","E17_s015","E17.5","B3"
"329",329,125.081081081081,"Mafb_int","SVZ","E17_s015","E17.5","B3"
"330",330,474.621621621622,"Mafb_int","SVZ","E17_s015","E17.5","B3"
"331",331,138.189189189189,"Mafb_int","SVZ","E17_s015","E17.5","B3"
"332",332,1073.81081081081,"Mafb_int","SVZ","E17_s015","E17.5","B3"
"333",333,91.8378378378378,"Mafb_int","SVZ","E17_s015","E17.5","B3"
"334",334,76,"Mafb_int","SVZ","E17_s015","E17.5","B3"
"335",335,401.648648648649,"Mafb_int","SVZ","E17_s015","E17.5","B3"
"336",336,81.5675675675676,"Mafb_int","SVZ","E17_s015","E17.5","B3"
"337",337,1238.02702702703,"tdt_int","MZ","E17_s017","E17.5","B2"
"338",338,2219.51351351351,"tdt_int","MZ","E17_s017","E17.5","B2"
"339",339,1345.78378378378,"tdt_int","MZ","E17_s017","E17.5","B2"
"340",340,1450.08108108108,"tdt_int","MZ","E17_s017","E17.5","B2"
"341",341,1660.37837837838,"tdt_int","MZ","E17_s017","E17.5","B2"
"342",342,1761.91891891892,"tdt_int","MZ","E17_s017","E17.5","B2"
"343",343,2905.94594594595,"tdt_int","MZ","E17_s017","E17.5","B2"
"344",344,1148.7027027027,"tdt_int","MZ","E17_s017","E17.5","B2"
"345",345,2925.85294117647,"tdt_int","MZ","E17_s017","E17.5","B2"
"346",346,1257.59459459459,"tdt_int","MZ","E17_s017","E17.5","B2"
"347",347,1676.02702702703,"tdt_int","MZ","E17_s017","E17.5","B2"
"348",348,1356.67567567568,"tdt_int","MZ","E17_s017","E17.5","B2"
"349",349,935.675675675676,"tdt_int","MZ","E17_s017","E17.5","B2"
"350",350,3847.05405405405,"tdt_int","MZ","E17_s017","E17.5","B2"
"351",351,1693.81081081081,"tdt_int","MZ","E17_s017","E17.5","B2"
"352",352,822.972972972973,"tdt_int","MZ","E17_s017","E17.5","B2"
"353",353,2758.7027027027,"tdt_int","MZ","E17_s017","E17.5","B2"
"354",354,721,"tdt_int","MZ","E17_s017","E17.5","B2"
"355",355,1683.78378378378,"tdt_int","MZ","E17_s017","E17.5","B2"
"356",356,852.972972972973,"tdt_int","MZ","E17_s017","E17.5","B2"
"357",357,1791.18918918919,"tdt_int","MZ","E17_s017","E17.5","B2"
"358",358,3398.62162162162,"tdt_int","MZ","E17_s017","E17.5","B2"
"359",359,1447.37837837838,"tdt_int","MZ","E17_s017","E17.5","B2"
"360",360,426.108108108108,"Mafb_int","MZ","E17_s017","E17.5","B2"
"361",361,474.810810810811,"Mafb_int","MZ","E17_s017","E17.5","B2"
"362",362,276.324324324324,"Mafb_int","MZ","E17_s017","E17.5","B2"
"363",363,359.459459459459,"Mafb_int","MZ","E17_s017","E17.5","B2"
"364",364,527.108108108108,"Mafb_int","MZ","E17_s017","E17.5","B2"
"365",365,1138.81081081081,"Mafb_int","MZ","E17_s017","E17.5","B2"
"366",366,501.486486486487,"Mafb_int","MZ","E17_s017","E17.5","B2"
"367",367,233.918918918919,"Mafb_int","MZ","E17_s017","E17.5","B2"
"368",368,538.117647058824,"Mafb_int","MZ","E17_s017","E17.5","B2"
"369",369,422.162162162162,"Mafb_int","MZ","E17_s017","E17.5","B2"
"370",370,286.297297297297,"Mafb_int","MZ","E17_s017","E17.5","B2"
"371",371,171.081081081081,"Mafb_int","MZ","E17_s017","E17.5","B2"
"372",372,181.459459459459,"Mafb_int","MZ","E17_s017","E17.5","B2"
"373",373,617.513513513514,"Mafb_int","MZ","E17_s017","E17.5","B2"
"374",374,670.081081081081,"Mafb_int","MZ","E17_s017","E17.5","B2"
"375",375,159.594594594595,"Mafb_int","MZ","E17_s017","E17.5","B2"
"376",376,773.72972972973,"Mafb_int","MZ","E17_s017","E17.5","B2"
"377",377,133.432432432432,"Mafb_int","MZ","E17_s017","E17.5","B2"
"378",378,546.621621621622,"Mafb_int","MZ","E17_s017","E17.5","B2"
"379",379,213.540540540541,"Mafb_int","MZ","E17_s017","E17.5","B2"
"380",380,250.72972972973,"Mafb_int","MZ","E17_s017","E17.5","B2"
"381",381,488.243243243243,"Mafb_int","MZ","E17_s017","E17.5","B2"
"382",382,432.702702702703,"Mafb_int","MZ","E17_s017","E17.5","B2"
"383",383,961.756756756757,"tdt_int","CP","E17_s017","E17.5","B2"
"384",384,2382.32432432432,"tdt_int","CP","E17_s017","E17.5","B2"
"385",385,3482.32432432432,"tdt_int","CP","E17_s017","E17.5","B2"
"386",386,1204.40540540541,"tdt_int","CP","E17_s017","E17.5","B2"
"387",387,1027.62162162162,"tdt_int","CP","E17_s017","E17.5","B2"
"388",388,3188.10810810811,"tdt_int","CP","E17_s017","E17.5","B2"
"389",389,1952.78378378378,"tdt_int","CP","E17_s017","E17.5","B2"
"390",390,1079.51351351351,"tdt_int","CP","E17_s017","E17.5","B2"
"391",391,2464.02702702703,"tdt_int","CP","E17_s017","E17.5","B2"
"392",392,1148.05405405405,"tdt_int","CP","E17_s017","E17.5","B2"
"393",393,968,"tdt_int","CP","E17_s017","E17.5","B2"
"394",394,1361.68181818182,"tdt_int","CP","E17_s017","E17.5","B2"
"395",395,3054.33333333333,"tdt_int","CP","E17_s017","E17.5","B2"
"396",396,3994.43243243243,"tdt_int","CP","E17_s017","E17.5","B2"
"397",397,2485.32432432432,"tdt_int","CP","E17_s017","E17.5","B2"
"398",398,939.297297297297,"tdt_int","CP","E17_s017","E17.5","B2"
"399",399,790.756756756757,"tdt_int","CP","E17_s017","E17.5","B2"
"400",400,1878.54054054054,"tdt_int","CP","E17_s017","E17.5","B2"
"401",401,328.216216216216,"Mafb_int","CP","E17_s017","E17.5","B2"
"402",402,360.189189189189,"Mafb_int","CP","E17_s017","E17.5","B2"
"403",403,217.432432432432,"Mafb_int","CP","E17_s017","E17.5","B2"
"404",404,266.297297297297,"Mafb_int","CP","E17_s017","E17.5","B2"
"405",405,161.486486486486,"Mafb_int","CP","E17_s017","E17.5","B2"
"406",406,410.945945945946,"Mafb_int","CP","E17_s017","E17.5","B2"
"407",407,666.297297297297,"Mafb_int","CP","E17_s017","E17.5","B2"
"408",408,278.72972972973,"Mafb_int","CP","E17_s017","E17.5","B2"
"409",409,251.27027027027,"Mafb_int","CP","E17_s017","E17.5","B2"
"410",410,244.351351351351,"Mafb_int","CP","E17_s017","E17.5","B2"
"411",411,307.333333333333,"Mafb_int","CP","E17_s017","E17.5","B2"
"412",412,147.181818181818,"Mafb_int","CP","E17_s017","E17.5","B2"
"413",413,433.333333333333,"Mafb_int","CP","E17_s017","E17.5","B2"
"414",414,343.243243243243,"Mafb_int","CP","E17_s017","E17.5","B2"
"415",415,443.081081081081,"Mafb_int","CP","E17_s017","E17.5","B2"
"416",416,176.702702702703,"Mafb_int","CP","E17_s017","E17.5","B2"
"417",417,94.9189189189189,"Mafb_int","CP","E17_s017","E17.5","B2"
"418",418,735.594594594595,"Mafb_int","CP","E17_s017","E17.5","B2"
"419",419,1899,"tdt_int","SVZ","E17_s017","E17.5","B2"
"420",420,1401.05405405405,"tdt_int","SVZ","E17_s017","E17.5","B2"
"421",421,2208,"tdt_int","SVZ","E17_s017","E17.5","B2"
"422",422,2737.08108108108,"tdt_int","SVZ","E17_s017","E17.5","B2"
"423",423,3276.05405405405,"tdt_int","SVZ","E17_s017","E17.5","B2"
"424",424,960.72972972973,"tdt_int","SVZ","E17_s017","E17.5","B2"
"425",425,1267.29411764706,"tdt_int","SVZ","E17_s017","E17.5","B2"
"426",426,914.945945945946,"tdt_int","SVZ","E17_s017","E17.5","B2"
"427",427,1987.51351351351,"tdt_int","SVZ","E17_s017","E17.5","B2"
"428",428,1231.13333333333,"tdt_int","SVZ","E17_s017","E17.5","B2"
"429",429,3338.67567567568,"tdt_int","SVZ","E17_s017","E17.5","B2"
"430",430,1562.27027027027,"tdt_int","SVZ","E17_s017","E17.5","B2"
"431",431,2841.56756756757,"tdt_int","SVZ","E17_s017","E17.5","B2"
"432",432,1237.18918918919,"tdt_int","SVZ","E17_s017","E17.5","B2"
"433",433,305.513513513513,"Mafb_int","SVZ","E17_s017","E17.5","B2"
"434",434,198.243243243243,"Mafb_int","SVZ","E17_s017","E17.5","B2"
"435",435,397.432432432432,"Mafb_int","SVZ","E17_s017","E17.5","B2"
"436",436,202.405405405405,"Mafb_int","SVZ","E17_s017","E17.5","B2"
"437",437,1006.91891891892,"Mafb_int","SVZ","E17_s017","E17.5","B2"
"438",438,216.135135135135,"Mafb_int","SVZ","E17_s017","E17.5","B2"
"439",439,432.176470588235,"Mafb_int","SVZ","E17_s017","E17.5","B2"
"440",440,540.405405405405,"Mafb_int","SVZ","E17_s017","E17.5","B2"
"441",441,252.108108108108,"Mafb_int","SVZ","E17_s017","E17.5","B2"
"442",442,124.133333333333,"Mafb_int","SVZ","E17_s017","E17.5","B2"
"443",443,153.459459459459,"Mafb_int","SVZ","E17_s017","E17.5","B2"
"444",444,143.459459459459,"Mafb_int","SVZ","E17_s017","E17.5","B2"
"445",445,263.135135135135,"Mafb_int","SVZ","E17_s017","E17.5","B2"
"446",446,270.216216216216,"Mafb_int","SVZ","E17_s017","E17.5","B2"
"447",447,2363.2972972973,"tdt_int","MZ","E17_s019","E17.5","B1"
"448",448,627.297297297297,"tdt_int","MZ","E17_s019","E17.5","B1"
"449",449,1538.89189189189,"tdt_int","MZ","E17_s019","E17.5","B1"
"450",450,3920.05405405405,"tdt_int","MZ","E17_s019","E17.5","B1"
"451",451,1923.43243243243,"tdt_int","MZ","E17_s019","E17.5","B1"
"452",452,3831.54054054054,"tdt_int","MZ","E17_s019","E17.5","B1"
"453",453,1285.89189189189,"tdt_int","MZ","E17_s019","E17.5","B1"
"454",454,1691.40540540541,"tdt_int","MZ","E17_s019","E17.5","B1"
"455",455,1339.48648648649,"tdt_int","MZ","E17_s019","E17.5","B1"
"456",456,1945.18918918919,"tdt_int","MZ","E17_s019","E17.5","B1"
"457",457,2424.78378378378,"tdt_int","MZ","E17_s019","E17.5","B1"
"458",458,779.351351351351,"tdt_int","MZ","E17_s019","E17.5","B1"
"459",459,1387.24324324324,"tdt_int","MZ","E17_s019","E17.5","B1"
"460",460,1683.13513513514,"tdt_int","MZ","E17_s019","E17.5","B1"
"461",461,1583.02702702703,"tdt_int","MZ","E17_s019","E17.5","B1"
"462",462,2860.83783783784,"tdt_int","MZ","E17_s019","E17.5","B1"
"463",463,880.027027027027,"tdt_int","MZ","E17_s019","E17.5","B1"
"464",464,965.162162162162,"tdt_int","MZ","E17_s019","E17.5","B1"
"465",465,4089.64864864865,"tdt_int","MZ","E17_s019","E17.5","B1"
"466",466,3805.10810810811,"tdt_int","MZ","E17_s019","E17.5","B1"
"467",467,1047.89189189189,"tdt_int","MZ","E17_s019","E17.5","B1"
"468",468,3798,"tdt_int","MZ","E17_s019","E17.5","B1"
"469",469,3413.64864864865,"tdt_int","MZ","E17_s019","E17.5","B1"
"470",470,914.162162162162,"tdt_int","MZ","E17_s019","E17.5","B1"
"471",471,921.297297297297,"tdt_int","MZ","E17_s019","E17.5","B1"
"472",472,2718.67567567568,"tdt_int","MZ","E17_s019","E17.5","B1"
"473",473,2856.83783783784,"tdt_int","MZ","E17_s019","E17.5","B1"
"474",474,2315.72972972973,"tdt_int","MZ","E17_s019","E17.5","B1"
"475",475,939.72972972973,"tdt_int","MZ","E17_s019","E17.5","B1"
"476",476,925.432432432432,"tdt_int","MZ","E17_s019","E17.5","B1"
"477",477,564.162162162162,"Mafb_int","MZ","E17_s019","E17.5","B1"
"478",478,200.864864864865,"Mafb_int","MZ","E17_s019","E17.5","B1"
"479",479,333.648648648649,"Mafb_int","MZ","E17_s019","E17.5","B1"
"480",480,686.297297297297,"Mafb_int","MZ","E17_s019","E17.5","B1"
"481",481,208.162162162162,"Mafb_int","MZ","E17_s019","E17.5","B1"
"482",482,445.594594594595,"Mafb_int","MZ","E17_s019","E17.5","B1"
"483",483,435.459459459459,"Mafb_int","MZ","E17_s019","E17.5","B1"
"484",484,379.432432432432,"Mafb_int","MZ","E17_s019","E17.5","B1"
"485",485,368.648648648649,"Mafb_int","MZ","E17_s019","E17.5","B1"
"486",486,507.27027027027,"Mafb_int","MZ","E17_s019","E17.5","B1"
"487",487,788.135135135135,"Mafb_int","MZ","E17_s019","E17.5","B1"
"488",488,320.486486486487,"Mafb_int","MZ","E17_s019","E17.5","B1"
"489",489,274.378378378378,"Mafb_int","MZ","E17_s019","E17.5","B1"
"490",490,218.621621621622,"Mafb_int","MZ","E17_s019","E17.5","B1"
"491",491,643.081081081081,"Mafb_int","MZ","E17_s019","E17.5","B1"
"492",492,600.405405405405,"Mafb_int","MZ","E17_s019","E17.5","B1"
"493",493,143.27027027027,"Mafb_int","MZ","E17_s019","E17.5","B1"
"494",494,251.027027027027,"Mafb_int","MZ","E17_s019","E17.5","B1"
"495",495,790.891891891892,"Mafb_int","MZ","E17_s019","E17.5","B1"
"496",496,632.27027027027,"Mafb_int","MZ","E17_s019","E17.5","B1"
"497",497,76.5405405405405,"Mafb_int","MZ","E17_s019","E17.5","B1"
"498",498,528.243243243243,"Mafb_int","MZ","E17_s019","E17.5","B1"
"499",499,657.378378378378,"Mafb_int","MZ","E17_s019","E17.5","B1"
"500",500,336.972972972973,"Mafb_int","MZ","E17_s019","E17.5","B1"
"501",501,387.702702702703,"Mafb_int","MZ","E17_s019","E17.5","B1"
"502",502,506.648648648649,"Mafb_int","MZ","E17_s019","E17.5","B1"
"503",503,459.135135135135,"Mafb_int","MZ","E17_s019","E17.5","B1"
"504",504,478.891891891892,"Mafb_int","MZ","E17_s019","E17.5","B1"
"505",505,281.081081081081,"Mafb_int","MZ","E17_s019","E17.5","B1"
"506",506,144.351351351351,"Mafb_int","MZ","E17_s019","E17.5","B1"
"507",507,958.243243243243,"tdt_int","CP","E17_s019","E17.5","B1"
"508",508,773.243243243243,"tdt_int","CP","E17_s019","E17.5","B1"
"509",509,2665.67567567568,"tdt_int","CP","E17_s019","E17.5","B1"
"510",510,904.216216216216,"tdt_int","CP","E17_s019","E17.5","B1"
"511",511,1466.51351351351,"tdt_int","CP","E17_s019","E17.5","B1"
"512",512,3950.02702702703,"tdt_int","CP","E17_s019","E17.5","B1"
"513",513,1299.83783783784,"tdt_int","CP","E17_s019","E17.5","B1"
"514",514,3265.51351351351,"tdt_int","CP","E17_s019","E17.5","B1"
"515",515,2990.59459459459,"tdt_int","CP","E17_s019","E17.5","B1"
"516",516,4059.37837837838,"tdt_int","CP","E17_s019","E17.5","B1"
"517",517,1769.78378378378,"tdt_int","CP","E17_s019","E17.5","B1"
"518",518,875.72972972973,"tdt_int","CP","E17_s019","E17.5","B1"
"519",519,835.648648648649,"tdt_int","CP","E17_s019","E17.5","B1"
"520",520,1997.08108108108,"tdt_int","CP","E17_s019","E17.5","B1"
"521",521,1271.78378378378,"tdt_int","CP","E17_s019","E17.5","B1"
"522",522,3592.37837837838,"tdt_int","CP","E17_s019","E17.5","B1"
"523",523,816.027027027027,"tdt_int","CP","E17_s019","E17.5","B1"
"524",524,1318.16216216216,"tdt_int","CP","E17_s019","E17.5","B1"
"525",525,776.72972972973,"tdt_int","CP","E17_s019","E17.5","B1"
"526",526,3540,"tdt_int","CP","E17_s019","E17.5","B1"
"527",527,2768.81081081081,"tdt_int","CP","E17_s019","E17.5","B1"
"528",528,3052.67567567568,"tdt_int","CP","E17_s019","E17.5","B1"
"529",529,2604.81081081081,"tdt_int","CP","E17_s019","E17.5","B1"
"530",530,2195.02702702703,"tdt_int","CP","E17_s019","E17.5","B1"
"531",531,1624,"tdt_int","CP","E17_s019","E17.5","B1"
"532",532,150.810810810811,"Mafb_int","CP","E17_s019","E17.5","B1"
"533",533,81.6216216216216,"Mafb_int","CP","E17_s019","E17.5","B1"
"534",534,636.108108108108,"Mafb_int","CP","E17_s019","E17.5","B1"
"535",535,132.702702702703,"Mafb_int","CP","E17_s019","E17.5","B1"
"536",536,369.054054054054,"Mafb_int","CP","E17_s019","E17.5","B1"
"537",537,665.837837837838,"Mafb_int","CP","E17_s019","E17.5","B1"
"538",538,133.27027027027,"Mafb_int","CP","E17_s019","E17.5","B1"
"539",539,580.945945945946,"Mafb_int","CP","E17_s019","E17.5","B1"
"540",540,718.486486486486,"Mafb_int","CP","E17_s019","E17.5","B1"
"541",541,275.702702702703,"Mafb_int","CP","E17_s019","E17.5","B1"
"542",542,367.108108108108,"Mafb_int","CP","E17_s019","E17.5","B1"
"543",543,300.783783783784,"Mafb_int","CP","E17_s019","E17.5","B1"
"544",544,157.405405405405,"Mafb_int","CP","E17_s019","E17.5","B1"
"545",545,214.837837837838,"Mafb_int","CP","E17_s019","E17.5","B1"
"546",546,110.972972972973,"Mafb_int","CP","E17_s019","E17.5","B1"
"547",547,317.216216216216,"Mafb_int","CP","E17_s019","E17.5","B1"
"548",548,199.756756756757,"Mafb_int","CP","E17_s019","E17.5","B1"
"549",549,286.378378378378,"Mafb_int","CP","E17_s019","E17.5","B1"
"550",550,100.054054054054,"Mafb_int","CP","E17_s019","E17.5","B1"
"551",551,215.333333333333,"Mafb_int","CP","E17_s019","E17.5","B1"
"552",552,597.081081081081,"Mafb_int","CP","E17_s019","E17.5","B1"
"553",553,553.837837837838,"Mafb_int","CP","E17_s019","E17.5","B1"
"554",554,403.162162162162,"Mafb_int","CP","E17_s019","E17.5","B1"
"555",555,310.783783783784,"Mafb_int","CP","E17_s019","E17.5","B1"
"556",556,207.243243243243,"Mafb_int","CP","E17_s019","E17.5","B1"
"557",557,1282.86486486486,"tdt_int","SVZ","E17_s019","E17.5","B1"
"558",558,1584.56756756757,"tdt_int","SVZ","E17_s019","E17.5","B1"
"559",559,2509.24324324324,"tdt_int","SVZ","E17_s019","E17.5","B1"
"560",560,964.891891891892,"tdt_int","SVZ","E17_s019","E17.5","B1"
"561",561,3838.18918918919,"tdt_int","SVZ","E17_s019","E17.5","B1"
"562",562,1369.62162162162,"tdt_int","SVZ","E17_s019","E17.5","B1"
"563",563,771.891891891892,"tdt_int","SVZ","E17_s019","E17.5","B1"
"564",564,1242.08108108108,"tdt_int","SVZ","E17_s019","E17.5","B1"
"565",565,1108,"tdt_int","SVZ","E17_s019","E17.5","B1"
"566",566,1765.67567567568,"tdt_int","SVZ","E17_s019","E17.5","B1"
"567",567,3608.85294117647,"tdt_int","SVZ","E17_s019","E17.5","B1"
"568",568,940.702702702703,"tdt_int","SVZ","E17_s019","E17.5","B1"
"569",569,1114.97297297297,"tdt_int","SVZ","E17_s019","E17.5","B1"
"570",570,2628.54054054054,"tdt_int","SVZ","E17_s019","E17.5","B1"
"571",571,979.891891891892,"tdt_int","SVZ","E17_s019","E17.5","B1"
"572",572,2848.35135135135,"tdt_int","SVZ","E17_s019","E17.5","B1"
"573",573,134.243243243243,"Mafb_int","SVZ","E17_s019","E17.5","B1"
"574",574,128.567567567568,"Mafb_int","SVZ","E17_s019","E17.5","B1"
"575",575,186.702702702703,"Mafb_int","SVZ","E17_s019","E17.5","B1"
"576",576,88.7837837837838,"Mafb_int","SVZ","E17_s019","E17.5","B1"
"577",577,495.72972972973,"Mafb_int","SVZ","E17_s019","E17.5","B1"
"578",578,115.648648648649,"Mafb_int","SVZ","E17_s019","E17.5","B1"
"579",579,67.027027027027,"Mafb_int","SVZ","E17_s019","E17.5","B1"
"580",580,151.783783783784,"Mafb_int","SVZ","E17_s019","E17.5","B1"
"581",581,95.6756756756757,"Mafb_int","SVZ","E17_s019","E17.5","B1"
"582",582,573.972972972973,"Mafb_int","SVZ","E17_s019","E17.5","B1"
"583",583,209.558823529412,"Mafb_int","SVZ","E17_s019","E17.5","B1"
"584",584,78.2972972972973,"Mafb_int","SVZ","E17_s019","E17.5","B1"
"585",585,163.378378378378,"Mafb_int","SVZ","E17_s019","E17.5","B1"
"586",586,122.135135135135,"Mafb_int","SVZ","E17_s019","E17.5","B1"
"587",587,93.1891891891892,"Mafb_int","SVZ","E17_s019","E17.5","B1"
"588",588,211.054054054054,"Mafb_int","SVZ","E17_s019","E17.5","B1"
"589",589,1826.35135135135,"tdt_int","MZ","E17_s021","E17.5","B3"
"590",590,1522.05405405405,"tdt_int","MZ","E17_s021","E17.5","B3"
"591",591,2985.43243243243,"tdt_int","MZ","E17_s021","E17.5","B3"
"592",592,1084.10810810811,"tdt_int","MZ","E17_s021","E17.5","B3"
"593",593,3675.18918918919,"tdt_int","MZ","E17_s021","E17.5","B3"
"594",594,3585.37837837838,"tdt_int","MZ","E17_s021","E17.5","B3"
"595",595,1368.91891891892,"tdt_int","MZ","E17_s021","E17.5","B3"
"596",596,2044.16216216216,"tdt_int","MZ","E17_s021","E17.5","B3"
"597",597,2854.37837837838,"tdt_int","MZ","E17_s021","E17.5","B3"
"598",598,1059.51351351351,"tdt_int","MZ","E17_s021","E17.5","B3"
"599",599,1766.51351351351,"tdt_int","MZ","E17_s021","E17.5","B3"
"600",600,2189.37837837838,"tdt_int","MZ","E17_s021","E17.5","B3"
"601",601,2136.7027027027,"tdt_int","MZ","E17_s021","E17.5","B3"
"602",602,2408.48648648649,"tdt_int","MZ","E17_s021","E17.5","B3"
"603",603,377.540540540541,"Mafb_int","MZ","E17_s021","E17.5","B3"
"604",604,331.27027027027,"Mafb_int","MZ","E17_s021","E17.5","B3"
"605",605,556.108108108108,"Mafb_int","MZ","E17_s021","E17.5","B3"
"606",606,145.837837837838,"Mafb_int","MZ","E17_s021","E17.5","B3"
"607",607,708.648648648649,"Mafb_int","MZ","E17_s021","E17.5","B3"
"608",608,528.162162162162,"Mafb_int","MZ","E17_s021","E17.5","B3"
"609",609,602.297297297297,"Mafb_int","MZ","E17_s021","E17.5","B3"
"610",610,488.027027027027,"Mafb_int","MZ","E17_s021","E17.5","B3"
"611",611,545.432432432432,"Mafb_int","MZ","E17_s021","E17.5","B3"
"612",612,392,"Mafb_int","MZ","E17_s021","E17.5","B3"
"613",613,432.297297297297,"Mafb_int","MZ","E17_s021","E17.5","B3"
"614",614,406.216216216216,"Mafb_int","MZ","E17_s021","E17.5","B3"
"615",615,421.783783783784,"Mafb_int","MZ","E17_s021","E17.5","B3"
"616",616,748,"Mafb_int","MZ","E17_s021","E17.5","B3"
"617",617,1964.62068965517,"tdt_int","CP","E17_s021","E17.5","B3"
"618",618,3382.10810810811,"tdt_int","CP","E17_s021","E17.5","B3"
"619",619,3909.16216216216,"tdt_int","CP","E17_s021","E17.5","B3"
"620",620,1848.13513513514,"tdt_int","CP","E17_s021","E17.5","B3"
"621",621,2228.83783783784,"tdt_int","CP","E17_s021","E17.5","B3"
"622",622,3839.18918918919,"tdt_int","CP","E17_s021","E17.5","B3"
"623",623,1135.48648648649,"tdt_int","CP","E17_s021","E17.5","B3"
"624",624,1604.67567567568,"tdt_int","CP","E17_s021","E17.5","B3"
"625",625,3289.02702702703,"tdt_int","CP","E17_s021","E17.5","B3"
"626",626,1414,"tdt_int","CP","E17_s021","E17.5","B3"
"627",627,1028.91891891892,"tdt_int","CP","E17_s021","E17.5","B3"
"628",628,3486.59459459459,"tdt_int","CP","E17_s021","E17.5","B3"
"629",629,3108.67567567568,"tdt_int","CP","E17_s021","E17.5","B3"
"630",630,2308.43243243243,"tdt_int","CP","E17_s021","E17.5","B3"
"631",631,1985.62162162162,"tdt_int","CP","E17_s021","E17.5","B3"
"632",632,3916.35135135135,"tdt_int","CP","E17_s021","E17.5","B3"
"633",633,2436.51351351351,"tdt_int","CP","E17_s021","E17.5","B3"
"634",634,1054.56756756757,"tdt_int","CP","E17_s021","E17.5","B3"
"635",635,3590.40909090909,"tdt_int","CP","E17_s021","E17.5","B3"
"636",636,2679.81081081081,"tdt_int","CP","E17_s021","E17.5","B3"
"637",637,461.827586206897,"Mafb_int","CP","E17_s021","E17.5","B3"
"638",638,635.702702702703,"Mafb_int","CP","E17_s021","E17.5","B3"
"639",639,340.621621621622,"Mafb_int","CP","E17_s021","E17.5","B3"
"640",640,227.918918918919,"Mafb_int","CP","E17_s021","E17.5","B3"
"641",641,699.351351351351,"Mafb_int","CP","E17_s021","E17.5","B3"
"642",642,646.189189189189,"Mafb_int","CP","E17_s021","E17.5","B3"
"643",643,240.567567567568,"Mafb_int","CP","E17_s021","E17.5","B3"
"644",644,642.081081081081,"Mafb_int","CP","E17_s021","E17.5","B3"
"645",645,727.054054054054,"Mafb_int","CP","E17_s021","E17.5","B3"
"646",646,166.405405405405,"Mafb_int","CP","E17_s021","E17.5","B3"
"647",647,393.432432432432,"Mafb_int","CP","E17_s021","E17.5","B3"
"648",648,282.189189189189,"Mafb_int","CP","E17_s021","E17.5","B3"
"649",649,258.675675675676,"Mafb_int","CP","E17_s021","E17.5","B3"
"650",650,480.486486486487,"Mafb_int","CP","E17_s021","E17.5","B3"
"651",651,145.540540540541,"Mafb_int","CP","E17_s021","E17.5","B3"
"652",652,595.432432432432,"Mafb_int","CP","E17_s021","E17.5","B3"
"653",653,627.054054054054,"Mafb_int","CP","E17_s021","E17.5","B3"
"654",654,229.756756756757,"Mafb_int","CP","E17_s021","E17.5","B3"
"655",655,147.045454545455,"Mafb_int","CP","E17_s021","E17.5","B3"
"656",656,673.918918918919,"Mafb_int","CP","E17_s021","E17.5","B3"
"657",657,833.594594594595,"tdt_int","SVZ","E17_s021","E17.5","B3"
"658",658,2242.83783783784,"tdt_int","SVZ","E17_s021","E17.5","B3"
"659",659,2293.5,"tdt_int","SVZ","E17_s021","E17.5","B3"
"660",660,3969.2972972973,"tdt_int","SVZ","E17_s021","E17.5","B3"
"661",661,2382.08108108108,"tdt_int","SVZ","E17_s021","E17.5","B3"
"662",662,2277.86486486487,"tdt_int","SVZ","E17_s021","E17.5","B3"
"663",663,1953.67567567568,"tdt_int","SVZ","E17_s021","E17.5","B3"
"664",664,2534.45945945946,"tdt_int","SVZ","E17_s021","E17.5","B3"
"665",665,2749.08108108108,"tdt_int","SVZ","E17_s021","E17.5","B3"
"666",666,1485.75675675676,"tdt_int","SVZ","E17_s021","E17.5","B3"
"667",667,1470.08108108108,"tdt_int","SVZ","E17_s021","E17.5","B3"
"668",668,2205.48648648649,"tdt_int","SVZ","E17_s021","E17.5","B3"
"669",669,4062.02702702703,"tdt_int","SVZ","E17_s021","E17.5","B3"
"670",670,3241.46666666667,"tdt_int","SVZ","E17_s021","E17.5","B3"
"671",671,1389.62162162162,"tdt_int","SVZ","E17_s021","E17.5","B3"
"672",672,87.7027027027027,"Mafb_int","SVZ","E17_s021","E17.5","B3"
"673",673,488.783783783784,"Mafb_int","SVZ","E17_s021","E17.5","B3"
"674",674,564,"Mafb_int","SVZ","E17_s021","E17.5","B3"
"675",675,699.918918918919,"Mafb_int","SVZ","E17_s021","E17.5","B3"
"676",676,192.081081081081,"Mafb_int","SVZ","E17_s021","E17.5","B3"
"677",677,491.432432432432,"Mafb_int","SVZ","E17_s021","E17.5","B3"
"678",678,536.621621621622,"Mafb_int","SVZ","E17_s021","E17.5","B3"
"679",679,241.702702702703,"Mafb_int","SVZ","E17_s021","E17.5","B3"
"680",680,258.324324324324,"Mafb_int","SVZ","E17_s021","E17.5","B3"
"681",681,328.783783783784,"Mafb_int","SVZ","E17_s021","E17.5","B3"
"682",682,118.324324324324,"Mafb_int","SVZ","E17_s021","E17.5","B3"
"683",683,117.108108108108,"Mafb_int","SVZ","E17_s021","E17.5","B3"
"684",684,417.72972972973,"Mafb_int","SVZ","E17_s021","E17.5","B3"
"685",685,118.4,"Mafb_int","SVZ","E17_s021","E17.5","B3"
"686",686,105.810810810811,"Mafb_int","SVZ","E17_s021","E17.5","B3"
"687",687,1067.94594594595,"tdt_int","MZ","E17_s023","E17.5","B2"
"688",688,2793.72972972973,"tdt_int","MZ","E17_s023","E17.5","B2"
"689",689,1174.21621621622,"tdt_int","MZ","E17_s023","E17.5","B2"
"690",690,891.567567567568,"tdt_int","MZ","E17_s023","E17.5","B2"
"691",691,763.054054054054,"tdt_int","MZ","E17_s023","E17.5","B2"
"692",692,797.27027027027,"tdt_int","MZ","E17_s023","E17.5","B2"
"693",693,969.108108108108,"tdt_int","MZ","E17_s023","E17.5","B2"
"694",694,1082.56756756757,"tdt_int","MZ","E17_s023","E17.5","B2"
"695",695,2054.59459459459,"tdt_int","MZ","E17_s023","E17.5","B2"
"696",696,881.378378378378,"tdt_int","MZ","E17_s023","E17.5","B2"
"697",697,2792.45945945946,"tdt_int","MZ","E17_s023","E17.5","B2"
"698",698,1811.10810810811,"tdt_int","MZ","E17_s023","E17.5","B2"
"699",699,1130.27027027027,"tdt_int","MZ","E17_s023","E17.5","B2"
"700",700,3121.67567567568,"tdt_int","MZ","E17_s023","E17.5","B2"
"701",701,907.567567567568,"tdt_int","MZ","E17_s023","E17.5","B2"
"702",702,865.72972972973,"tdt_int","MZ","E17_s023","E17.5","B2"
"703",703,1833.40540540541,"tdt_int","MZ","E17_s023","E17.5","B2"
"704",704,661.459459459459,"tdt_int","MZ","E17_s023","E17.5","B2"
"705",705,852.918918918919,"tdt_int","MZ","E17_s023","E17.5","B2"
"706",706,636.972972972973,"Mafb_int","MZ","E17_s023","E17.5","B2"
"707",707,665.297297297297,"Mafb_int","MZ","E17_s023","E17.5","B2"
"708",708,348.486486486487,"Mafb_int","MZ","E17_s023","E17.5","B2"
"709",709,211.918918918919,"Mafb_int","MZ","E17_s023","E17.5","B2"
"710",710,304.972972972973,"Mafb_int","MZ","E17_s023","E17.5","B2"
"711",711,150.054054054054,"Mafb_int","MZ","E17_s023","E17.5","B2"
"712",712,381.945945945946,"Mafb_int","MZ","E17_s023","E17.5","B2"
"713",713,208.621621621622,"Mafb_int","MZ","E17_s023","E17.5","B2"
"714",714,527.675675675676,"Mafb_int","MZ","E17_s023","E17.5","B2"
"715",715,177.945945945946,"Mafb_int","MZ","E17_s023","E17.5","B2"
"716",716,524.783783783784,"Mafb_int","MZ","E17_s023","E17.5","B2"
"717",717,253.864864864865,"Mafb_int","MZ","E17_s023","E17.5","B2"
"718",718,223.054054054054,"Mafb_int","MZ","E17_s023","E17.5","B2"
"719",719,497.837837837838,"Mafb_int","MZ","E17_s023","E17.5","B2"
"720",720,219.405405405405,"Mafb_int","MZ","E17_s023","E17.5","B2"
"721",721,374.891891891892,"Mafb_int","MZ","E17_s023","E17.5","B2"
"722",722,391.783783783784,"Mafb_int","MZ","E17_s023","E17.5","B2"
"723",723,130.72972972973,"Mafb_int","MZ","E17_s023","E17.5","B2"
"724",724,221.216216216216,"Mafb_int","MZ","E17_s023","E17.5","B2"
"725",725,3480.13333333333,"tdt_int","CP","E17_s023","E17.5","B2"
"726",726,2928.51351351351,"tdt_int","CP","E17_s023","E17.5","B2"
"727",727,1036.43243243243,"tdt_int","CP","E17_s023","E17.5","B2"
"728",728,784.567567567568,"tdt_int","CP","E17_s023","E17.5","B2"
"729",729,1127.72972972973,"tdt_int","CP","E17_s023","E17.5","B2"
"730",730,2518.18918918919,"tdt_int","CP","E17_s023","E17.5","B2"
"731",731,814.810810810811,"tdt_int","CP","E17_s023","E17.5","B2"
"732",732,880.189189189189,"tdt_int","CP","E17_s023","E17.5","B2"
"733",733,997.648648648649,"tdt_int","CP","E17_s023","E17.5","B2"
"734",734,1965.62162162162,"tdt_int","CP","E17_s023","E17.5","B2"
"735",735,2948.72972972973,"tdt_int","CP","E17_s023","E17.5","B2"
"736",736,2600.32432432432,"tdt_int","CP","E17_s023","E17.5","B2"
"737",737,554.866666666667,"Mafb_int","CP","E17_s023","E17.5","B2"
"738",738,523.810810810811,"Mafb_int","CP","E17_s023","E17.5","B2"
"739",739,198.432432432432,"Mafb_int","CP","E17_s023","E17.5","B2"
"740",740,317.432432432432,"Mafb_int","CP","E17_s023","E17.5","B2"
"741",741,167.648648648649,"Mafb_int","CP","E17_s023","E17.5","B2"
"742",742,195.27027027027,"Mafb_int","CP","E17_s023","E17.5","B2"
"743",743,180.459459459459,"Mafb_int","CP","E17_s023","E17.5","B2"
"744",744,279.513513513513,"Mafb_int","CP","E17_s023","E17.5","B2"
"745",745,412.081081081081,"Mafb_int","CP","E17_s023","E17.5","B2"
"746",746,197.540540540541,"Mafb_int","CP","E17_s023","E17.5","B2"
"747",747,374.135135135135,"Mafb_int","CP","E17_s023","E17.5","B2"
"748",748,505.702702702703,"Mafb_int","CP","E17_s023","E17.5","B2"
"749",749,3487.27272727273,"tdt_int","SVZ","E17_s023","E17.5","B2"
"750",750,1744.54054054054,"tdt_int","SVZ","E17_s023","E17.5","B2"
"751",751,1093.7027027027,"tdt_int","SVZ","E17_s023","E17.5","B2"
"752",752,862.594594594595,"tdt_int","SVZ","E17_s023","E17.5","B2"
"753",753,3397.21621621622,"tdt_int","SVZ","E17_s023","E17.5","B2"
"754",754,1276.05405405405,"tdt_int","SVZ","E17_s023","E17.5","B2"
"755",755,1970.62162162162,"tdt_int","SVZ","E17_s023","E17.5","B2"
"756",756,1334.2972972973,"tdt_int","SVZ","E17_s023","E17.5","B2"
"757",757,3486.18918918919,"tdt_int","SVZ","E17_s023","E17.5","B2"
"758",758,799.648648648649,"tdt_int","SVZ","E17_s023","E17.5","B2"
"759",759,1464.59459459459,"tdt_int","SVZ","E17_s023","E17.5","B2"
"760",760,1134.64864864865,"tdt_int","SVZ","E17_s023","E17.5","B2"
"761",761,1184.91891891892,"tdt_int","SVZ","E17_s023","E17.5","B2"
"762",762,584.681818181818,"Mafb_int","SVZ","E17_s023","E17.5","B2"
"763",763,295.459459459459,"Mafb_int","SVZ","E17_s023","E17.5","B2"
"764",764,136.054054054054,"Mafb_int","SVZ","E17_s023","E17.5","B2"
"765",765,100.810810810811,"Mafb_int","SVZ","E17_s023","E17.5","B2"
"766",766,307.027027027027,"Mafb_int","SVZ","E17_s023","E17.5","B2"
"767",767,113.621621621622,"Mafb_int","SVZ","E17_s023","E17.5","B2"
"768",768,161.72972972973,"Mafb_int","SVZ","E17_s023","E17.5","B2"
"769",769,212.081081081081,"Mafb_int","SVZ","E17_s023","E17.5","B2"
"770",770,821.783783783784,"Mafb_int","SVZ","E17_s023","E17.5","B2"
"771",771,91.3243243243243,"Mafb_int","SVZ","E17_s023","E17.5","B2"
"772",772,94.027027027027,"Mafb_int","SVZ","E17_s023","E17.5","B2"
"773",773,100.189189189189,"Mafb_int","SVZ","E17_s023","E17.5","B2"
"774",774,165.972972972973,"Mafb_int","SVZ","E17_s023","E17.5","B2"
"775",775,2346.40540540541,"tdt_int","MZ","E17_s025","E17.5","B1"
"776",776,3272.64864864865,"tdt_int","MZ","E17_s025","E17.5","B1"
"777",777,1730.24324324324,"tdt_int","MZ","E17_s025","E17.5","B1"
"778",778,1498,"tdt_int","MZ","E17_s025","E17.5","B1"
"779",779,2410.24324324324,"tdt_int","MZ","E17_s025","E17.5","B1"
"780",780,959.432432432432,"tdt_int","MZ","E17_s025","E17.5","B1"
"781",781,1457.43243243243,"tdt_int","MZ","E17_s025","E17.5","B1"
"782",782,3488.83783783784,"tdt_int","MZ","E17_s025","E17.5","B1"
"783",783,2352.02702702703,"tdt_int","MZ","E17_s025","E17.5","B1"
"784",784,2375.67567567568,"tdt_int","MZ","E17_s025","E17.5","B1"
"785",785,2775.62162162162,"tdt_int","MZ","E17_s025","E17.5","B1"
"786",786,1158.59459459459,"tdt_int","MZ","E17_s025","E17.5","B1"
"787",787,1497.2972972973,"tdt_int","MZ","E17_s025","E17.5","B1"
"788",788,2954.2972972973,"tdt_int","MZ","E17_s025","E17.5","B1"
"789",789,3077.13513513513,"tdt_int","MZ","E17_s025","E17.5","B1"
"790",790,2124.48648648649,"tdt_int","MZ","E17_s025","E17.5","B1"
"791",791,3060.94594594595,"tdt_int","MZ","E17_s025","E17.5","B1"
"792",792,955.27027027027,"tdt_int","MZ","E17_s025","E17.5","B1"
"793",793,1615.48648648649,"tdt_int","MZ","E17_s025","E17.5","B1"
"794",794,2836.37837837838,"tdt_int","MZ","E17_s025","E17.5","B1"
"795",795,3474.97058823529,"tdt_int","MZ","E17_s025","E17.5","B1"
"796",796,321.972972972973,"Mafb_int","MZ","E17_s025","E17.5","B1"
"797",797,647.594594594595,"Mafb_int","MZ","E17_s025","E17.5","B1"
"798",798,245.459459459459,"Mafb_int","MZ","E17_s025","E17.5","B1"
"799",799,272.189189189189,"Mafb_int","MZ","E17_s025","E17.5","B1"
"800",800,714.162162162162,"Mafb_int","MZ","E17_s025","E17.5","B1"
"801",801,293.405405405405,"Mafb_int","MZ","E17_s025","E17.5","B1"
"802",802,143.783783783784,"Mafb_int","MZ","E17_s025","E17.5","B1"
"803",803,509.540540540541,"Mafb_int","MZ","E17_s025","E17.5","B1"
"804",804,377.513513513513,"Mafb_int","MZ","E17_s025","E17.5","B1"
"805",805,547.594594594595,"Mafb_int","MZ","E17_s025","E17.5","B1"
"806",806,447.432432432432,"Mafb_int","MZ","E17_s025","E17.5","B1"
"807",807,250.108108108108,"Mafb_int","MZ","E17_s025","E17.5","B1"
"808",808,505.162162162162,"Mafb_int","MZ","E17_s025","E17.5","B1"
"809",809,305.243243243243,"Mafb_int","MZ","E17_s025","E17.5","B1"
"810",810,400.162162162162,"Mafb_int","MZ","E17_s025","E17.5","B1"
"811",811,349.027027027027,"Mafb_int","MZ","E17_s025","E17.5","B1"
"812",812,402.081081081081,"Mafb_int","MZ","E17_s025","E17.5","B1"
"813",813,126.378378378378,"Mafb_int","MZ","E17_s025","E17.5","B1"
"814",814,217.783783783784,"Mafb_int","MZ","E17_s025","E17.5","B1"
"815",815,337.297297297297,"Mafb_int","MZ","E17_s025","E17.5","B1"
"816",816,417.235294117647,"Mafb_int","MZ","E17_s025","E17.5","B1"
"817",817,918.172413793103,"tdt_int","CP","E17_s025","E17.5","B1"
"818",818,1107.18918918919,"tdt_int","CP","E17_s025","E17.5","B1"
"819",819,1745.37837837838,"tdt_int","CP","E17_s025","E17.5","B1"
"820",820,1737.05405405405,"tdt_int","CP","E17_s025","E17.5","B1"
"821",821,2496.48648648649,"tdt_int","CP","E17_s025","E17.5","B1"
"822",822,1248.54054054054,"tdt_int","CP","E17_s025","E17.5","B1"
"823",823,1680.75675675676,"tdt_int","CP","E17_s025","E17.5","B1"
"824",824,759.459459459459,"tdt_int","CP","E17_s025","E17.5","B1"
"825",825,1510.02702702703,"tdt_int","CP","E17_s025","E17.5","B1"
"826",826,2395.59459459459,"tdt_int","CP","E17_s025","E17.5","B1"
"827",827,1682.75675675676,"tdt_int","CP","E17_s025","E17.5","B1"
"828",828,1285.97297297297,"tdt_int","CP","E17_s025","E17.5","B1"
"829",829,747.189189189189,"tdt_int","CP","E17_s025","E17.5","B1"
"830",830,2475.32432432432,"tdt_int","CP","E17_s025","E17.5","B1"
"831",831,292.172413793103,"Mafb_int","CP","E17_s025","E17.5","B1"
"832",832,613.810810810811,"Mafb_int","CP","E17_s025","E17.5","B1"
"833",833,155.405405405405,"Mafb_int","CP","E17_s025","E17.5","B1"
"834",834,717.486486486486,"Mafb_int","CP","E17_s025","E17.5","B1"
"835",835,257.702702702703,"Mafb_int","CP","E17_s025","E17.5","B1"
"836",836,115.081081081081,"Mafb_int","CP","E17_s025","E17.5","B1"
"837",837,153.621621621622,"Mafb_int","CP","E17_s025","E17.5","B1"
"838",838,104.135135135135,"Mafb_int","CP","E17_s025","E17.5","B1"
"839",839,183.162162162162,"Mafb_int","CP","E17_s025","E17.5","B1"
"840",840,270.108108108108,"Mafb_int","CP","E17_s025","E17.5","B1"
"841",841,317.054054054054,"Mafb_int","CP","E17_s025","E17.5","B1"
"842",842,288.459459459459,"Mafb_int","CP","E17_s025","E17.5","B1"
"843",843,227.432432432432,"Mafb_int","CP","E17_s025","E17.5","B1"
"844",844,413.675675675676,"Mafb_int","CP","E17_s025","E17.5","B1"
"845",845,989.891891891892,"tdt_int","SVZ","E17_s025","E17.5","B1"
"846",846,2764.48648648649,"tdt_int","SVZ","E17_s025","E17.5","B1"
"847",847,2447.16216216216,"tdt_int","SVZ","E17_s025","E17.5","B1"
"848",848,860.72972972973,"tdt_int","SVZ","E17_s025","E17.5","B1"
"849",849,3808.62162162162,"tdt_int","SVZ","E17_s025","E17.5","B1"
"850",850,686.432432432432,"tdt_int","SVZ","E17_s025","E17.5","B1"
"851",851,1998.91891891892,"tdt_int","SVZ","E17_s025","E17.5","B1"
"852",852,1624.18918918919,"tdt_int","SVZ","E17_s025","E17.5","B1"
"853",853,84.1621621621622,"Mafb_int","SVZ","E17_s025","E17.5","B1"
"854",854,597.081081081081,"Mafb_int","SVZ","E17_s025","E17.5","B1"
"855",855,850.540540540541,"Mafb_int","SVZ","E17_s025","E17.5","B1"
"856",856,197.810810810811,"Mafb_int","SVZ","E17_s025","E17.5","B1"
"857",857,355.675675675676,"Mafb_int","SVZ","E17_s025","E17.5","B1"
"858",858,197.054054054054,"Mafb_int","SVZ","E17_s025","E17.5","B1"
"859",859,133.945945945946,"Mafb_int","SVZ","E17_s025","E17.5","B1"
"860",860,153.351351351351,"Mafb_int","SVZ","E17_s025","E17.5","B1"
"861",861,3477.97297297297,"tdt_int","MZ","E17_s027","E17.5","B3"
"862",862,547,"tdt_int","MZ","E17_s027","E17.5","B3"
"863",863,1024.89189189189,"tdt_int","MZ","E17_s027","E17.5","B3"
"864",864,754.27027027027,"tdt_int","MZ","E17_s027","E17.5","B3"
"865",865,3740.51351351351,"tdt_int","MZ","E17_s027","E17.5","B3"
"866",866,1056.56756756757,"tdt_int","MZ","E17_s027","E17.5","B3"
"867",867,2108.62162162162,"tdt_int","MZ","E17_s027","E17.5","B3"
"868",868,2678.05405405405,"tdt_int","MZ","E17_s027","E17.5","B3"
"869",869,827.891891891892,"tdt_int","MZ","E17_s027","E17.5","B3"
"870",870,2699.94594594595,"tdt_int","MZ","E17_s027","E17.5","B3"
"871",871,3661.35135135135,"tdt_int","MZ","E17_s027","E17.5","B3"
"872",872,612.27027027027,"tdt_int","MZ","E17_s027","E17.5","B3"
"873",873,445.027027027027,"tdt_int","MZ","E17_s027","E17.5","B3"
"874",874,456.243243243243,"tdt_int","MZ","E17_s027","E17.5","B3"
"875",875,763.027027027027,"tdt_int","MZ","E17_s027","E17.5","B3"
"876",876,668.594594594595,"tdt_int","MZ","E17_s027","E17.5","B3"
"877",877,563.27027027027,"tdt_int","MZ","E17_s027","E17.5","B3"
"878",878,605.027027027027,"tdt_int","MZ","E17_s027","E17.5","B3"
"879",879,468.243243243243,"tdt_int","MZ","E17_s027","E17.5","B3"
"880",880,1730.16216216216,"tdt_int","MZ","E17_s027","E17.5","B3"
"881",881,1337.86486486486,"tdt_int","MZ","E17_s027","E17.5","B3"
"882",882,1443.10810810811,"tdt_int","MZ","E17_s027","E17.5","B3"
"883",883,933.540540540541,"tdt_int","MZ","E17_s027","E17.5","B3"
"884",884,2387.83783783784,"tdt_int","MZ","E17_s027","E17.5","B3"
"885",885,2466.78378378378,"tdt_int","MZ","E17_s027","E17.5","B3"
"886",886,847.108108108108,"tdt_int","MZ","E17_s027","E17.5","B3"
"887",887,1884.86486486486,"tdt_int","MZ","E17_s027","E17.5","B3"
"888",888,1841.13793103448,"tdt_int","MZ","E17_s027","E17.5","B3"
"889",889,629.054054054054,"tdt_int","MZ","E17_s027","E17.5","B3"
"890",890,1025.94594594595,"tdt_int","MZ","E17_s027","E17.5","B3"
"891",891,3458.35135135135,"tdt_int","MZ","E17_s027","E17.5","B3"
"892",892,1243.56756756757,"tdt_int","MZ","E17_s027","E17.5","B3"
"893",893,2740.51351351351,"tdt_int","MZ","E17_s027","E17.5","B3"
"894",894,1780.02702702703,"tdt_int","MZ","E17_s027","E17.5","B3"
"895",895,799.486486486486,"Mafb_int","MZ","E17_s027","E17.5","B3"
"896",896,137.378378378378,"Mafb_int","MZ","E17_s027","E17.5","B3"
"897",897,192.459459459459,"Mafb_int","MZ","E17_s027","E17.5","B3"
"898",898,119.189189189189,"Mafb_int","MZ","E17_s027","E17.5","B3"
"899",899,501.675675675676,"Mafb_int","MZ","E17_s027","E17.5","B3"
"900",900,280.567567567568,"Mafb_int","MZ","E17_s027","E17.5","B3"
"901",901,683.783783783784,"Mafb_int","MZ","E17_s027","E17.5","B3"
"902",902,680.27027027027,"Mafb_int","MZ","E17_s027","E17.5","B3"
"903",903,235.054054054054,"Mafb_int","MZ","E17_s027","E17.5","B3"
"904",904,539.783783783784,"Mafb_int","MZ","E17_s027","E17.5","B3"
"905",905,390.297297297297,"Mafb_int","MZ","E17_s027","E17.5","B3"
"906",906,84.8648648648649,"Mafb_int","MZ","E17_s027","E17.5","B3"
"907",907,217.297297297297,"Mafb_int","MZ","E17_s027","E17.5","B3"
"908",908,157.810810810811,"Mafb_int","MZ","E17_s027","E17.5","B3"
"909",909,214.945945945946,"Mafb_int","MZ","E17_s027","E17.5","B3"
"910",910,95.1081081081081,"Mafb_int","MZ","E17_s027","E17.5","B3"
"911",911,68.1621621621622,"Mafb_int","MZ","E17_s027","E17.5","B3"
"912",912,200.189189189189,"Mafb_int","MZ","E17_s027","E17.5","B3"
"913",913,108.135135135135,"Mafb_int","MZ","E17_s027","E17.5","B3"
"914",914,301.459459459459,"Mafb_int","MZ","E17_s027","E17.5","B3"
"915",915,358.540540540541,"Mafb_int","MZ","E17_s027","E17.5","B3"
"916",916,431.243243243243,"Mafb_int","MZ","E17_s027","E17.5","B3"
"917",917,251.648648648649,"Mafb_int","MZ","E17_s027","E17.5","B3"
"918",918,259.513513513513,"Mafb_int","MZ","E17_s027","E17.5","B3"
"919",919,553.594594594595,"Mafb_int","MZ","E17_s027","E17.5","B3"
"920",920,101.189189189189,"Mafb_int","MZ","E17_s027","E17.5","B3"
"921",921,274.432432432432,"Mafb_int","MZ","E17_s027","E17.5","B3"
"922",922,322.862068965517,"Mafb_int","MZ","E17_s027","E17.5","B3"
"923",923,356.567567567568,"Mafb_int","MZ","E17_s027","E17.5","B3"
"924",924,215.864864864865,"Mafb_int","MZ","E17_s027","E17.5","B3"
"925",925,493.459459459459,"Mafb_int","MZ","E17_s027","E17.5","B3"
"926",926,346.081081081081,"Mafb_int","MZ","E17_s027","E17.5","B3"
"927",927,247.432432432432,"Mafb_int","MZ","E17_s027","E17.5","B3"
"928",928,447.27027027027,"Mafb_int","MZ","E17_s027","E17.5","B3"
"929",929,690.72972972973,"tdt_int","CP","E17_s027","E17.5","B3"
"930",930,973.189189189189,"tdt_int","CP","E17_s027","E17.5","B3"
"931",931,2120.05405405405,"tdt_int","CP","E17_s027","E17.5","B3"
"932",932,1597.83783783784,"tdt_int","CP","E17_s027","E17.5","B3"
"933",933,199.666666666667,"tdt_int","CP","E17_s027","E17.5","B3"
"934",934,971.135135135135,"tdt_int","CP","E17_s027","E17.5","B3"
"935",935,1149.2972972973,"tdt_int","CP","E17_s027","E17.5","B3"
"936",936,3775.32432432432,"tdt_int","CP","E17_s027","E17.5","B3"
"937",937,1133.16216216216,"tdt_int","CP","E17_s027","E17.5","B3"
"938",938,499.648648648649,"tdt_int","CP","E17_s027","E17.5","B3"
"939",939,453.891891891892,"tdt_int","CP","E17_s027","E17.5","B3"
"940",940,966.567567567568,"tdt_int","CP","E17_s027","E17.5","B3"
"941",941,2940.63636363636,"tdt_int","CP","E17_s027","E17.5","B3"
"942",942,1572.40540540541,"tdt_int","CP","E17_s027","E17.5","B3"
"943",943,706.675675675676,"tdt_int","CP","E17_s027","E17.5","B3"
"944",944,1346.51351351351,"tdt_int","CP","E17_s027","E17.5","B3"
"945",945,2518.13513513513,"tdt_int","CP","E17_s027","E17.5","B3"
"946",946,979.756756756757,"tdt_int","CP","E17_s027","E17.5","B3"
"947",947,464.810810810811,"tdt_int","CP","E17_s027","E17.5","B3"
"948",948,1934.78378378378,"tdt_int","CP","E17_s027","E17.5","B3"
"949",949,1434.51351351351,"tdt_int","CP","E17_s027","E17.5","B3"
"950",950,1100.86486486486,"tdt_int","CP","E17_s027","E17.5","B3"
"951",951,677.621621621622,"tdt_int","CP","E17_s027","E17.5","B3"
"952",952,1728.625,"tdt_int","CP","E17_s027","E17.5","B3"
"953",953,1924.21621621622,"tdt_int","CP","E17_s027","E17.5","B3"
"954",954,923.297297297297,"tdt_int","CP","E17_s027","E17.5","B3"
"955",955,1131.91891891892,"tdt_int","CP","E17_s027","E17.5","B3"
"956",956,453.783783783784,"tdt_int","CP","E17_s027","E17.5","B3"
"957",957,719.103448275862,"tdt_int","CP","E17_s027","E17.5","B3"
"958",958,125.432432432432,"Mafb_int","CP","E17_s027","E17.5","B3"
"959",959,95.5945945945946,"Mafb_int","CP","E17_s027","E17.5","B3"
"960",960,566.054054054054,"Mafb_int","CP","E17_s027","E17.5","B3"
"961",961,218.945945945946,"Mafb_int","CP","E17_s027","E17.5","B3"
"962",962,107.333333333333,"Mafb_int","CP","E17_s027","E17.5","B3"
"963",963,459.810810810811,"Mafb_int","CP","E17_s027","E17.5","B3"
"964",964,152.72972972973,"Mafb_int","CP","E17_s027","E17.5","B3"
"965",965,451.540540540541,"Mafb_int","CP","E17_s027","E17.5","B3"
"966",966,202.054054054054,"Mafb_int","CP","E17_s027","E17.5","B3"
"967",967,105.837837837838,"Mafb_int","CP","E17_s027","E17.5","B3"
"968",968,84.7837837837838,"Mafb_int","CP","E17_s027","E17.5","B3"
"969",969,154.081081081081,"Mafb_int","CP","E17_s027","E17.5","B3"
"970",970,367.727272727273,"Mafb_int","CP","E17_s027","E17.5","B3"
"971",971,344.891891891892,"Mafb_int","CP","E17_s027","E17.5","B3"
"972",972,96.9189189189189,"Mafb_int","CP","E17_s027","E17.5","B3"
"973",973,153.648648648649,"Mafb_int","CP","E17_s027","E17.5","B3"
"974",974,467.513513513513,"Mafb_int","CP","E17_s027","E17.5","B3"
"975",975,100.027027027027,"Mafb_int","CP","E17_s027","E17.5","B3"
"976",976,93.5675675675676,"Mafb_int","CP","E17_s027","E17.5","B3"
"977",977,224.108108108108,"Mafb_int","CP","E17_s027","E17.5","B3"
"978",978,283.243243243243,"Mafb_int","CP","E17_s027","E17.5","B3"
"979",979,106.243243243243,"Mafb_int","CP","E17_s027","E17.5","B3"
"980",980,179.594594594595,"Mafb_int","CP","E17_s027","E17.5","B3"
"981",981,209.75,"Mafb_int","CP","E17_s027","E17.5","B3"
"982",982,423.891891891892,"Mafb_int","CP","E17_s027","E17.5","B3"
"983",983,107.594594594595,"Mafb_int","CP","E17_s027","E17.5","B3"
"984",984,165.216216216216,"Mafb_int","CP","E17_s027","E17.5","B3"
"985",985,95.027027027027,"Mafb_int","CP","E17_s027","E17.5","B3"
"986",986,95.1379310344828,"Mafb_int","CP","E17_s027","E17.5","B3"
"987",987,1217.20689655172,"tdt_int","SVZ","E17_s027","E17.5","B3"
"988",988,603.054054054054,"tdt_int","SVZ","E17_s027","E17.5","B3"
"989",989,1954.67567567568,"tdt_int","SVZ","E17_s027","E17.5","B3"
"990",990,648.486486486486,"tdt_int","SVZ","E17_s027","E17.5","B3"
"991",991,468.058823529412,"tdt_int","SVZ","E17_s027","E17.5","B3"
"992",992,995.810810810811,"tdt_int","SVZ","E17_s027","E17.5","B3"
"993",993,2152.18918918919,"tdt_int","SVZ","E17_s027","E17.5","B3"
"994",994,1463.86486486486,"tdt_int","SVZ","E17_s027","E17.5","B3"
"995",995,2965.93333333333,"tdt_int","SVZ","E17_s027","E17.5","B3"
"996",996,579.27027027027,"tdt_int","SVZ","E17_s027","E17.5","B3"
"997",997,1785.37837837838,"tdt_int","SVZ","E17_s027","E17.5","B3"
"998",998,829.135135135135,"tdt_int","SVZ","E17_s027","E17.5","B3"
"999",999,1566.56756756757,"tdt_int","SVZ","E17_s027","E17.5","B3"
"1000",1000,1498.02702702703,"tdt_int","SVZ","E17_s027","E17.5","B3"
"1001",1001,763.864864864865,"tdt_int","SVZ","E17_s027","E17.5","B3"
"1002",1002,2115.21621621622,"tdt_int","SVZ","E17_s027","E17.5","B3"
"1003",1003,1112.91891891892,"tdt_int","SVZ","E17_s027","E17.5","B3"
"1004",1004,598,"tdt_int","SVZ","E17_s027","E17.5","B3"
"1005",1005,504.945945945946,"tdt_int","SVZ","E17_s027","E17.5","B3"
"1006",1006,659.756756756757,"tdt_int","SVZ","E17_s027","E17.5","B3"
"1007",1007,1315.64864864865,"tdt_int","SVZ","E17_s027","E17.5","B3"
"1008",1008,1362.56756756757,"tdt_int","SVZ","E17_s027","E17.5","B3"
"1009",1009,2689.02702702703,"tdt_int","SVZ","E17_s027","E17.5","B3"
"1010",1010,658.756756756757,"tdt_int","SVZ","E17_s027","E17.5","B3"
"1011",1011,2130.21621621622,"tdt_int","SVZ","E17_s027","E17.5","B3"
"1012",1012,638.108108108108,"tdt_int","SVZ","E17_s027","E17.5","B3"
"1013",1013,1484.2972972973,"tdt_int","SVZ","E17_s027","E17.5","B3"
"1014",1014,582.567567567568,"tdt_int","SVZ","E17_s027","E17.5","B3"
"1015",1015,563.459459459459,"tdt_int","SVZ","E17_s027","E17.5","B3"
"1016",1016,1355,"tdt_int","SVZ","E17_s027","E17.5","B3"
"1017",1017,323.103448275862,"Mafb_int","SVZ","E17_s027","E17.5","B3"
"1018",1018,299.621621621622,"Mafb_int","SVZ","E17_s027","E17.5","B3"
"1019",1019,401.405405405405,"Mafb_int","SVZ","E17_s027","E17.5","B3"
"1020",1020,92.1081081081081,"Mafb_int","SVZ","E17_s027","E17.5","B3"
"1021",1021,88.7058823529412,"Mafb_int","SVZ","E17_s027","E17.5","B3"
"1022",1022,119.027027027027,"Mafb_int","SVZ","E17_s027","E17.5","B3"
"1023",1023,484.243243243243,"Mafb_int","SVZ","E17_s027","E17.5","B3"
"1024",1024,127,"Mafb_int","SVZ","E17_s027","E17.5","B3"
"1025",1025,383.6,"Mafb_int","SVZ","E17_s027","E17.5","B3"
"1026",1026,216.621621621622,"Mafb_int","SVZ","E17_s027","E17.5","B3"
"1027",1027,144.432432432432,"Mafb_int","SVZ","E17_s027","E17.5","B3"
"1028",1028,93.6756756756757,"Mafb_int","SVZ","E17_s027","E17.5","B3"
"1029",1029,152.864864864865,"Mafb_int","SVZ","E17_s027","E17.5","B3"
"1030",1030,480.675675675676,"Mafb_int","SVZ","E17_s027","E17.5","B3"
"1031",1031,469.351351351351,"Mafb_int","SVZ","E17_s027","E17.5","B3"
"1032",1032,100.540540540541,"Mafb_int","SVZ","E17_s027","E17.5","B3"
"1033",1033,183.648648648649,"Mafb_int","SVZ","E17_s027","E17.5","B3"
"1034",1034,79.027027027027,"Mafb_int","SVZ","E17_s027","E17.5","B3"
"1035",1035,72.7027027027027,"Mafb_int","SVZ","E17_s027","E17.5","B3"
"1036",1036,109.918918918919,"Mafb_int","SVZ","E17_s027","E17.5","B3"
"1037",1037,285.054054054054,"Mafb_int","SVZ","E17_s027","E17.5","B3"
"1038",1038,93.4324324324324,"Mafb_int","SVZ","E17_s027","E17.5","B3"
"1039",1039,502.189189189189,"Mafb_int","SVZ","E17_s027","E17.5","B3"
"1040",1040,84.9189189189189,"Mafb_int","SVZ","E17_s027","E17.5","B3"
"1041",1041,95.2162162162162,"Mafb_int","SVZ","E17_s027","E17.5","B3"
"1042",1042,185.783783783784,"Mafb_int","SVZ","E17_s027","E17.5","B3"
"1043",1043,237.945945945946,"Mafb_int","SVZ","E17_s027","E17.5","B3"
"1044",1044,79.4054054054054,"Mafb_int","SVZ","E17_s027","E17.5","B3"
"1045",1045,77.8918918918919,"Mafb_int","SVZ","E17_s027","E17.5","B3"
"1046",1046,110.702702702703,"Mafb_int","SVZ","E17_s027","E17.5","B3"
"1047",1047,785.689655172414,"tdt_int","MZ","E17_s029","E17.5","B2"
"1048",1048,1851.10810810811,"tdt_int","MZ","E17_s029","E17.5","B2"
"1049",1049,2962,"tdt_int","MZ","E17_s029","E17.5","B2"
"1050",1050,1440.16216216216,"tdt_int","MZ","E17_s029","E17.5","B2"
"1051",1051,1240.40540540541,"tdt_int","MZ","E17_s029","E17.5","B2"
"1052",1052,2161.59459459459,"tdt_int","MZ","E17_s029","E17.5","B2"
"1053",1053,663.918918918919,"tdt_int","MZ","E17_s029","E17.5","B2"
"1054",1054,3324.51351351351,"tdt_int","MZ","E17_s029","E17.5","B2"
"1055",1055,2148.35135135135,"tdt_int","MZ","E17_s029","E17.5","B2"
"1056",1056,2837.51351351351,"tdt_int","MZ","E17_s029","E17.5","B2"
"1057",1057,3689.45945945946,"tdt_int","MZ","E17_s029","E17.5","B2"
"1058",1058,2599.43243243243,"tdt_int","MZ","E17_s029","E17.5","B2"
"1059",1059,3325.18918918919,"tdt_int","MZ","E17_s029","E17.5","B2"
"1060",1060,2558.7027027027,"tdt_int","MZ","E17_s029","E17.5","B2"
"1061",1061,1779.45945945946,"tdt_int","MZ","E17_s029","E17.5","B2"
"1062",1062,2160.10810810811,"tdt_int","MZ","E17_s029","E17.5","B2"
"1063",1063,823.189189189189,"tdt_int","MZ","E17_s029","E17.5","B2"
"1064",1064,1002.78378378378,"tdt_int","MZ","E17_s029","E17.5","B2"
"1065",1065,2765.37837837838,"tdt_int","MZ","E17_s029","E17.5","B2"
"1066",1066,2957.37837837838,"tdt_int","MZ","E17_s029","E17.5","B2"
"1067",1067,1040.16216216216,"tdt_int","MZ","E17_s029","E17.5","B2"
"1068",1068,1276.35135135135,"tdt_int","MZ","E17_s029","E17.5","B2"
"1069",1069,2677.78378378378,"tdt_int","MZ","E17_s029","E17.5","B2"
"1070",1070,1176.40540540541,"tdt_int","MZ","E17_s029","E17.5","B2"
"1071",1071,3429.75862068966,"tdt_int","MZ","E17_s029","E17.5","B2"
"1072",1072,90.5172413793103,"Mafb_int","MZ","E17_s029","E17.5","B2"
"1073",1073,89.1351351351351,"Mafb_int","MZ","E17_s029","E17.5","B2"
"1074",1074,390.72972972973,"Mafb_int","MZ","E17_s029","E17.5","B2"
"1075",1075,680.945945945946,"Mafb_int","MZ","E17_s029","E17.5","B2"
"1076",1076,271,"Mafb_int","MZ","E17_s029","E17.5","B2"
"1077",1077,393.594594594595,"Mafb_int","MZ","E17_s029","E17.5","B2"
"1078",1078,274.72972972973,"Mafb_int","MZ","E17_s029","E17.5","B2"
"1079",1079,388.648648648649,"Mafb_int","MZ","E17_s029","E17.5","B2"
"1080",1080,449.459459459459,"Mafb_int","MZ","E17_s029","E17.5","B2"
"1081",1081,495.297297297297,"Mafb_int","MZ","E17_s029","E17.5","B2"
"1082",1082,565.567567567568,"Mafb_int","MZ","E17_s029","E17.5","B2"
"1083",1083,520.297297297297,"Mafb_int","MZ","E17_s029","E17.5","B2"
"1084",1084,329.378378378378,"Mafb_int","MZ","E17_s029","E17.5","B2"
"1085",1085,407.135135135135,"Mafb_int","MZ","E17_s029","E17.5","B2"
"1086",1086,433.27027027027,"Mafb_int","MZ","E17_s029","E17.5","B2"
"1087",1087,733.891891891892,"Mafb_int","MZ","E17_s029","E17.5","B2"
"1088",1088,143.486486486486,"Mafb_int","MZ","E17_s029","E17.5","B2"
"1089",1089,122.324324324324,"Mafb_int","MZ","E17_s029","E17.5","B2"
"1090",1090,618.72972972973,"Mafb_int","MZ","E17_s029","E17.5","B2"
"1091",1091,582.864864864865,"Mafb_int","MZ","E17_s029","E17.5","B2"
"1092",1092,195.594594594595,"Mafb_int","MZ","E17_s029","E17.5","B2"
"1093",1093,159.189189189189,"Mafb_int","MZ","E17_s029","E17.5","B2"
"1094",1094,315.135135135135,"Mafb_int","MZ","E17_s029","E17.5","B2"
"1095",1095,187.945945945946,"Mafb_int","MZ","E17_s029","E17.5","B2"
"1096",1096,334.758620689655,"Mafb_int","MZ","E17_s029","E17.5","B2"
"1097",1097,1207.05405405405,"tdt_int","CP","E17_s029","E17.5","B2"
"1098",1098,703.72972972973,"tdt_int","CP","E17_s029","E17.5","B2"
"1099",1099,1533.21621621622,"tdt_int","CP","E17_s029","E17.5","B2"
"1100",1100,1993.94594594595,"tdt_int","CP","E17_s029","E17.5","B2"
"1101",1101,2509.7027027027,"tdt_int","CP","E17_s029","E17.5","B2"
"1102",1102,1003.54054054054,"tdt_int","CP","E17_s029","E17.5","B2"
"1103",1103,1246.54054054054,"tdt_int","CP","E17_s029","E17.5","B2"
"1104",1104,1753.67567567568,"tdt_int","CP","E17_s029","E17.5","B2"
"1105",1105,2122.59459459459,"tdt_int","CP","E17_s029","E17.5","B2"
"1106",1106,727.108108108108,"tdt_int","CP","E17_s029","E17.5","B2"
"1107",1107,666.837837837838,"tdt_int","CP","E17_s029","E17.5","B2"
"1108",1108,1484.81081081081,"tdt_int","CP","E17_s029","E17.5","B2"
"1109",1109,762.918918918919,"tdt_int","CP","E17_s029","E17.5","B2"
"1110",1110,1208.21621621622,"tdt_int","CP","E17_s029","E17.5","B2"
"1111",1111,3405.21621621622,"tdt_int","CP","E17_s029","E17.5","B2"
"1112",1112,1008,"tdt_int","CP","E17_s029","E17.5","B2"
"1113",1113,971.972972972973,"tdt_int","CP","E17_s029","E17.5","B2"
"1114",1114,1292.83783783784,"tdt_int","CP","E17_s029","E17.5","B2"
"1115",1115,2792.32432432432,"tdt_int","CP","E17_s029","E17.5","B2"
"1116",1116,215.081081081081,"Mafb_int","CP","E17_s029","E17.5","B2"
"1117",1117,114.513513513514,"Mafb_int","CP","E17_s029","E17.5","B2"
"1118",1118,293.216216216216,"Mafb_int","CP","E17_s029","E17.5","B2"
"1119",1119,306.486486486487,"Mafb_int","CP","E17_s029","E17.5","B2"
"1120",1120,246.378378378378,"Mafb_int","CP","E17_s029","E17.5","B2"
"1121",1121,181.108108108108,"Mafb_int","CP","E17_s029","E17.5","B2"
"1122",1122,198.081081081081,"Mafb_int","CP","E17_s029","E17.5","B2"
"1123",1123,172.027027027027,"Mafb_int","CP","E17_s029","E17.5","B2"
"1124",1124,499.189189189189,"Mafb_int","CP","E17_s029","E17.5","B2"
"1125",1125,88.4054054054054,"Mafb_int","CP","E17_s029","E17.5","B2"
"1126",1126,98.0810810810811,"Mafb_int","CP","E17_s029","E17.5","B2"
"1127",1127,201.162162162162,"Mafb_int","CP","E17_s029","E17.5","B2"
"1128",1128,87.6756756756757,"Mafb_int","CP","E17_s029","E17.5","B2"
"1129",1129,105.783783783784,"Mafb_int","CP","E17_s029","E17.5","B2"
"1130",1130,413.243243243243,"Mafb_int","CP","E17_s029","E17.5","B2"
"1131",1131,330.405405405405,"Mafb_int","CP","E17_s029","E17.5","B2"
"1132",1132,247.702702702703,"Mafb_int","CP","E17_s029","E17.5","B2"
"1133",1133,157.621621621622,"Mafb_int","CP","E17_s029","E17.5","B2"
"1134",1134,143.243243243243,"Mafb_int","CP","E17_s029","E17.5","B2"
"1135",1135,1257.89189189189,"tdt_int","SVZ","E17_s029","E17.5","B2"
"1136",1136,810.27027027027,"tdt_int","SVZ","E17_s029","E17.5","B2"
"1137",1137,901.189189189189,"tdt_int","SVZ","E17_s029","E17.5","B2"
"1138",1138,3381.16216216216,"tdt_int","SVZ","E17_s029","E17.5","B2"
"1139",1139,627.081081081081,"tdt_int","SVZ","E17_s029","E17.5","B2"
"1140",1140,985.378378378378,"tdt_int","SVZ","E17_s029","E17.5","B2"
"1141",1141,1185.02702702703,"tdt_int","SVZ","E17_s029","E17.5","B2"
"1142",1142,954.945945945946,"tdt_int","SVZ","E17_s029","E17.5","B2"
"1143",1143,3896.94594594595,"tdt_int","SVZ","E17_s029","E17.5","B2"
"1144",1144,1552.32432432432,"tdt_int","SVZ","E17_s029","E17.5","B2"
"1145",1145,872.891891891892,"tdt_int","SVZ","E17_s029","E17.5","B2"
"1146",1146,2591.48648648649,"tdt_int","SVZ","E17_s029","E17.5","B2"
"1147",1147,3603.86486486487,"tdt_int","SVZ","E17_s029","E17.5","B2"
"1148",1148,862.675675675676,"tdt_int","SVZ","E17_s029","E17.5","B2"
"1149",1149,4064,"tdt_int","SVZ","E17_s029","E17.5","B2"
"1150",1150,2422,"tdt_int","SVZ","E17_s029","E17.5","B2"
"1151",1151,669.162162162162,"tdt_int","SVZ","E17_s029","E17.5","B2"
"1152",1152,790.945945945946,"tdt_int","SVZ","E17_s029","E17.5","B2"
"1153",1153,3182.89189189189,"tdt_int","SVZ","E17_s029","E17.5","B2"
"1154",1154,1719.94594594595,"tdt_int","SVZ","E17_s029","E17.5","B2"
"1155",1155,3858.21621621622,"tdt_int","SVZ","E17_s029","E17.5","B2"
"1156",1156,691.135135135135,"Mafb_int","SVZ","E17_s029","E17.5","B2"
"1157",1157,124.756756756757,"Mafb_int","SVZ","E17_s029","E17.5","B2"
"1158",1158,124.891891891892,"Mafb_int","SVZ","E17_s029","E17.5","B2"
"1159",1159,190.567567567568,"Mafb_int","SVZ","E17_s029","E17.5","B2"
"1160",1160,80.9189189189189,"Mafb_int","SVZ","E17_s029","E17.5","B2"
"1161",1161,112.108108108108,"Mafb_int","SVZ","E17_s029","E17.5","B2"
"1162",1162,86.2162162162162,"Mafb_int","SVZ","E17_s029","E17.5","B2"
"1163",1163,79.1081081081081,"Mafb_int","SVZ","E17_s029","E17.5","B2"
"1164",1164,214.972972972973,"Mafb_int","SVZ","E17_s029","E17.5","B2"
"1165",1165,126.594594594595,"Mafb_int","SVZ","E17_s029","E17.5","B2"
"1166",1166,121.513513513514,"Mafb_int","SVZ","E17_s029","E17.5","B2"
"1167",1167,419.351351351351,"Mafb_int","SVZ","E17_s029","E17.5","B2"
"1168",1168,264.27027027027,"Mafb_int","SVZ","E17_s029","E17.5","B2"
"1169",1169,88.4054054054054,"Mafb_int","SVZ","E17_s029","E17.5","B2"
"1170",1170,385.891891891892,"Mafb_int","SVZ","E17_s029","E17.5","B2"
"1171",1171,222.783783783784,"Mafb_int","SVZ","E17_s029","E17.5","B2"
"1172",1172,85.5675675675676,"Mafb_int","SVZ","E17_s029","E17.5","B2"
"1173",1173,85.4324324324324,"Mafb_int","SVZ","E17_s029","E17.5","B2"
"1174",1174,164.891891891892,"Mafb_int","SVZ","E17_s029","E17.5","B2"
"1175",1175,145.837837837838,"Mafb_int","SVZ","E17_s029","E17.5","B2"
"1176",1176,289.702702702703,"Mafb_int","SVZ","E17_s029","E17.5","B2"
"1177",1177,1869.45945945946,"tdt_int","MZ","E17_s031","E17.5","B3"
"1178",1178,2123.2972972973,"tdt_int","MZ","E17_s031","E17.5","B3"
"1179",1179,1117.40540540541,"tdt_int","MZ","E17_s031","E17.5","B3"
"1180",1180,1903.40540540541,"tdt_int","MZ","E17_s031","E17.5","B3"
"1181",1181,863.918918918919,"tdt_int","MZ","E17_s031","E17.5","B3"
"1182",1182,1450.59459459459,"tdt_int","MZ","E17_s031","E17.5","B3"
"1183",1183,1222.7027027027,"tdt_int","MZ","E17_s031","E17.5","B3"
"1184",1184,674.837837837838,"tdt_int","MZ","E17_s031","E17.5","B3"
"1185",1185,997.216216216216,"tdt_int","MZ","E17_s031","E17.5","B3"
"1186",1186,609.216216216216,"tdt_int","MZ","E17_s031","E17.5","B3"
"1187",1187,761.702702702703,"tdt_int","MZ","E17_s031","E17.5","B3"
"1188",1188,913.243243243243,"tdt_int","MZ","E17_s031","E17.5","B3"
"1189",1189,1231.35135135135,"tdt_int","MZ","E17_s031","E17.5","B3"
"1190",1190,1850.18918918919,"tdt_int","MZ","E17_s031","E17.5","B3"
"1191",1191,662.162162162162,"tdt_int","MZ","E17_s031","E17.5","B3"
"1192",1192,1827.48648648649,"tdt_int","MZ","E17_s031","E17.5","B3"
"1193",1193,1567.62162162162,"tdt_int","MZ","E17_s031","E17.5","B3"
"1194",1194,2356.27027027027,"tdt_int","MZ","E17_s031","E17.5","B3"
"1195",1195,675.594594594595,"tdt_int","MZ","E17_s031","E17.5","B3"
"1196",1196,1008.2972972973,"tdt_int","MZ","E17_s031","E17.5","B3"
"1197",1197,1801.94594594595,"tdt_int","MZ","E17_s031","E17.5","B3"
"1198",1198,585.594594594595,"tdt_int","MZ","E17_s031","E17.5","B3"
"1199",1199,618.702702702703,"tdt_int","MZ","E17_s031","E17.5","B3"
"1200",1200,1196.72972972973,"tdt_int","MZ","E17_s031","E17.5","B3"
"1201",1201,1573.7027027027,"tdt_int","MZ","E17_s031","E17.5","B3"
"1202",1202,1896.16216216216,"tdt_int","MZ","E17_s031","E17.5","B3"
"1203",1203,583.405405405405,"tdt_int","MZ","E17_s031","E17.5","B3"
"1204",1204,665.621621621622,"tdt_int","MZ","E17_s031","E17.5","B3"
"1205",1205,824.216216216216,"tdt_int","MZ","E17_s031","E17.5","B3"
"1206",1206,1368.54054054054,"tdt_int","MZ","E17_s031","E17.5","B3"
"1207",1207,806.567567567568,"tdt_int","MZ","E17_s031","E17.5","B3"
"1208",1208,1621.91891891892,"tdt_int","MZ","E17_s031","E17.5","B3"
"1209",1209,2080.86486486487,"tdt_int","MZ","E17_s031","E17.5","B3"
"1210",1210,1264.02702702703,"tdt_int","MZ","E17_s031","E17.5","B3"
"1211",1211,2748.54054054054,"tdt_int","MZ","E17_s031","E17.5","B3"
"1212",1212,1123.2972972973,"tdt_int","MZ","E17_s031","E17.5","B3"
"1213",1213,782.081081081081,"tdt_int","MZ","E17_s031","E17.5","B3"
"1214",1214,2327.18918918919,"tdt_int","MZ","E17_s031","E17.5","B3"
"1215",1215,505.378378378378,"Mafb_int","MZ","E17_s031","E17.5","B3"
"1216",1216,469.297297297297,"Mafb_int","MZ","E17_s031","E17.5","B3"
"1217",1217,349.27027027027,"Mafb_int","MZ","E17_s031","E17.5","B3"
"1218",1218,374.675675675676,"Mafb_int","MZ","E17_s031","E17.5","B3"
"1219",1219,101.216216216216,"Mafb_int","MZ","E17_s031","E17.5","B3"
"1220",1220,146.432432432432,"Mafb_int","MZ","E17_s031","E17.5","B3"
"1221",1221,636,"Mafb_int","MZ","E17_s031","E17.5","B3"
"1222",1222,174.297297297297,"Mafb_int","MZ","E17_s031","E17.5","B3"
"1223",1223,92.1081081081081,"Mafb_int","MZ","E17_s031","E17.5","B3"
"1224",1224,173.081081081081,"Mafb_int","MZ","E17_s031","E17.5","B3"
"1225",1225,316.72972972973,"Mafb_int","MZ","E17_s031","E17.5","B3"
"1226",1226,145.72972972973,"Mafb_int","MZ","E17_s031","E17.5","B3"
"1227",1227,365.297297297297,"Mafb_int","MZ","E17_s031","E17.5","B3"
"1228",1228,270.27027027027,"Mafb_int","MZ","E17_s031","E17.5","B3"
"1229",1229,524.189189189189,"Mafb_int","MZ","E17_s031","E17.5","B3"
"1230",1230,506.837837837838,"Mafb_int","MZ","E17_s031","E17.5","B3"
"1231",1231,516.972972972973,"Mafb_int","MZ","E17_s031","E17.5","B3"
"1232",1232,416.162162162162,"Mafb_int","MZ","E17_s031","E17.5","B3"
"1233",1233,104.621621621622,"Mafb_int","MZ","E17_s031","E17.5","B3"
"1234",1234,317.972972972973,"Mafb_int","MZ","E17_s031","E17.5","B3"
"1235",1235,284.972972972973,"Mafb_int","MZ","E17_s031","E17.5","B3"
"1236",1236,154.567567567568,"Mafb_int","MZ","E17_s031","E17.5","B3"
"1237",1237,115.216216216216,"Mafb_int","MZ","E17_s031","E17.5","B3"
"1238",1238,165.378378378378,"Mafb_int","MZ","E17_s031","E17.5","B3"
"1239",1239,238.594594594595,"Mafb_int","MZ","E17_s031","E17.5","B3"
"1240",1240,400.216216216216,"Mafb_int","MZ","E17_s031","E17.5","B3"
"1241",1241,337.72972972973,"Mafb_int","MZ","E17_s031","E17.5","B3"
"1242",1242,163.594594594595,"Mafb_int","MZ","E17_s031","E17.5","B3"
"1243",1243,281.783783783784,"Mafb_int","MZ","E17_s031","E17.5","B3"
"1244",1244,302.72972972973,"Mafb_int","MZ","E17_s031","E17.5","B3"
"1245",1245,206.567567567568,"Mafb_int","MZ","E17_s031","E17.5","B3"
"1246",1246,434.918918918919,"Mafb_int","MZ","E17_s031","E17.5","B3"
"1247",1247,338.324324324324,"Mafb_int","MZ","E17_s031","E17.5","B3"
"1248",1248,204.891891891892,"Mafb_int","MZ","E17_s031","E17.5","B3"
"1249",1249,532.324324324324,"Mafb_int","MZ","E17_s031","E17.5","B3"
"1250",1250,199.756756756757,"Mafb_int","MZ","E17_s031","E17.5","B3"
"1251",1251,258.972972972973,"Mafb_int","MZ","E17_s031","E17.5","B3"
"1252",1252,503.405405405405,"Mafb_int","MZ","E17_s031","E17.5","B3"
"1253",1253,1174.91891891892,"tdt_int","CP","E17_s031","E17.5","B3"
"1254",1254,2309.27027027027,"tdt_int","CP","E17_s031","E17.5","B3"
"1255",1255,2980.48648648649,"tdt_int","CP","E17_s031","E17.5","B3"
"1256",1256,749.486486486486,"tdt_int","CP","E17_s031","E17.5","B3"
"1257",1257,1626.64864864865,"tdt_int","CP","E17_s031","E17.5","B3"
"1258",1258,674,"tdt_int","CP","E17_s031","E17.5","B3"
"1259",1259,684.117647058824,"tdt_int","CP","E17_s031","E17.5","B3"
"1260",1260,2908.94594594595,"tdt_int","CP","E17_s031","E17.5","B3"
"1261",1261,3106.08108108108,"tdt_int","CP","E17_s031","E17.5","B3"
"1262",1262,533.648648648649,"tdt_int","CP","E17_s031","E17.5","B3"
"1263",1263,1600.10810810811,"tdt_int","CP","E17_s031","E17.5","B3"
"1264",1264,686.540540540541,"tdt_int","CP","E17_s031","E17.5","B3"
"1265",1265,452.189189189189,"tdt_int","CP","E17_s031","E17.5","B3"
"1266",1266,669.27027027027,"tdt_int","CP","E17_s031","E17.5","B3"
"1267",1267,1869.40540540541,"tdt_int","CP","E17_s031","E17.5","B3"
"1268",1268,490.675675675676,"tdt_int","CP","E17_s031","E17.5","B3"
"1269",1269,1152.64864864865,"tdt_int","CP","E17_s031","E17.5","B3"
"1270",1270,2292.18918918919,"tdt_int","CP","E17_s031","E17.5","B3"
"1271",1271,2034.05405405405,"tdt_int","CP","E17_s031","E17.5","B3"
"1272",1272,3536.51351351351,"tdt_int","CP","E17_s031","E17.5","B3"
"1273",1273,1220.13513513514,"tdt_int","CP","E17_s031","E17.5","B3"
"1274",1274,765.108108108108,"tdt_int","CP","E17_s031","E17.5","B3"
"1275",1275,2163.89189189189,"tdt_int","CP","E17_s031","E17.5","B3"
"1276",1276,3973.86666666667,"tdt_int","CP","E17_s031","E17.5","B3"
"1277",1277,705.918918918919,"tdt_int","CP","E17_s031","E17.5","B3"
"1278",1278,898.054054054054,"tdt_int","CP","E17_s031","E17.5","B3"
"1279",1279,826.756756756757,"tdt_int","CP","E17_s031","E17.5","B3"
"1280",1280,1868.97297297297,"tdt_int","CP","E17_s031","E17.5","B3"
"1281",1281,1331.54054054054,"tdt_int","CP","E17_s031","E17.5","B3"
"1282",1282,3650.2972972973,"tdt_int","CP","E17_s031","E17.5","B3"
"1283",1283,673.918918918919,"tdt_int","CP","E17_s031","E17.5","B3"
"1284",1284,1358.35135135135,"tdt_int","CP","E17_s031","E17.5","B3"
"1285",1285,153.72972972973,"Mafb_int","CP","E17_s031","E17.5","B3"
"1286",1286,260,"Mafb_int","CP","E17_s031","E17.5","B3"
"1287",1287,452.135135135135,"Mafb_int","CP","E17_s031","E17.5","B3"
"1288",1288,138.405405405405,"Mafb_int","CP","E17_s031","E17.5","B3"
"1289",1289,265.702702702703,"Mafb_int","CP","E17_s031","E17.5","B3"
"1290",1290,105.666666666667,"Mafb_int","CP","E17_s031","E17.5","B3"
"1291",1291,87.7058823529412,"Mafb_int","CP","E17_s031","E17.5","B3"
"1292",1292,189.243243243243,"Mafb_int","CP","E17_s031","E17.5","B3"
"1293",1293,583.351351351351,"Mafb_int","CP","E17_s031","E17.5","B3"
"1294",1294,199.297297297297,"Mafb_int","CP","E17_s031","E17.5","B3"
"1295",1295,152.027027027027,"Mafb_int","CP","E17_s031","E17.5","B3"
"1296",1296,134.540540540541,"Mafb_int","CP","E17_s031","E17.5","B3"
"1297",1297,151.540540540541,"Mafb_int","CP","E17_s031","E17.5","B3"
"1298",1298,102.27027027027,"Mafb_int","CP","E17_s031","E17.5","B3"
"1299",1299,235.351351351351,"Mafb_int","CP","E17_s031","E17.5","B3"
"1300",1300,92.5945945945946,"Mafb_int","CP","E17_s031","E17.5","B3"
"1301",1301,161.945945945946,"Mafb_int","CP","E17_s031","E17.5","B3"
"1302",1302,646.540540540541,"Mafb_int","CP","E17_s031","E17.5","B3"
"1303",1303,179.027027027027,"Mafb_int","CP","E17_s031","E17.5","B3"
"1304",1304,158.027027027027,"Mafb_int","CP","E17_s031","E17.5","B3"
"1305",1305,358.27027027027,"Mafb_int","CP","E17_s031","E17.5","B3"
"1306",1306,134.216216216216,"Mafb_int","CP","E17_s031","E17.5","B3"
"1307",1307,329.27027027027,"Mafb_int","CP","E17_s031","E17.5","B3"
"1308",1308,891.866666666667,"Mafb_int","CP","E17_s031","E17.5","B3"
"1309",1309,212.135135135135,"Mafb_int","CP","E17_s031","E17.5","B3"
"1310",1310,380.297297297297,"Mafb_int","CP","E17_s031","E17.5","B3"
"1311",1311,124.135135135135,"Mafb_int","CP","E17_s031","E17.5","B3"
"1312",1312,1205.7027027027,"Mafb_int","CP","E17_s031","E17.5","B3"
"1313",1313,203.675675675676,"Mafb_int","CP","E17_s031","E17.5","B3"
"1314",1314,607.378378378378,"Mafb_int","CP","E17_s031","E17.5","B3"
"1315",1315,332.324324324324,"Mafb_int","CP","E17_s031","E17.5","B3"
"1316",1316,237.594594594595,"Mafb_int","CP","E17_s031","E17.5","B3"
"1317",1317,1221.24324324324,"tdt_int","SVZ","E17_s031","E17.5","B3"
"1318",1318,1178.7027027027,"tdt_int","SVZ","E17_s031","E17.5","B3"
"1319",1319,711.702702702703,"tdt_int","SVZ","E17_s031","E17.5","B3"
"1320",1320,2715.45945945946,"tdt_int","SVZ","E17_s031","E17.5","B3"
"1321",1321,1166.38235294118,"tdt_int","SVZ","E17_s031","E17.5","B3"
"1322",1322,239.333333333333,"tdt_int","SVZ","E17_s031","E17.5","B3"
"1323",1323,4002.67567567568,"tdt_int","SVZ","E17_s031","E17.5","B3"
"1324",1324,2433.48648648649,"tdt_int","SVZ","E17_s031","E17.5","B3"
"1325",1325,657.405405405405,"tdt_int","SVZ","E17_s031","E17.5","B3"
"1326",1326,689.162162162162,"tdt_int","SVZ","E17_s031","E17.5","B3"
"1327",1327,2360.27027027027,"tdt_int","SVZ","E17_s031","E17.5","B3"
"1328",1328,2113.02702702703,"tdt_int","SVZ","E17_s031","E17.5","B3"
"1329",1329,711.864864864865,"tdt_int","SVZ","E17_s031","E17.5","B3"
"1330",1330,476.513513513513,"tdt_int","SVZ","E17_s031","E17.5","B3"
"1331",1331,1661.56756756757,"tdt_int","SVZ","E17_s031","E17.5","B3"
"1332",1332,4081.45454545455,"tdt_int","SVZ","E17_s031","E17.5","B3"
"1333",1333,1501.08108108108,"tdt_int","SVZ","E17_s031","E17.5","B3"
"1334",1334,1270.78378378378,"tdt_int","SVZ","E17_s031","E17.5","B3"
"1335",1335,1646.81081081081,"tdt_int","SVZ","E17_s031","E17.5","B3"
"1336",1336,193.189189189189,"Mafb_int","SVZ","E17_s031","E17.5","B3"
"1337",1337,137.432432432432,"Mafb_int","SVZ","E17_s031","E17.5","B3"
"1338",1338,142.108108108108,"Mafb_int","SVZ","E17_s031","E17.5","B3"
"1339",1339,350.72972972973,"Mafb_int","SVZ","E17_s031","E17.5","B3"
"1340",1340,88.5294117647059,"Mafb_int","SVZ","E17_s031","E17.5","B3"
"1341",1341,89.6666666666667,"Mafb_int","SVZ","E17_s031","E17.5","B3"
"1342",1342,271.648648648649,"Mafb_int","SVZ","E17_s031","E17.5","B3"
"1343",1343,291.567567567568,"Mafb_int","SVZ","E17_s031","E17.5","B3"
"1344",1344,100.189189189189,"Mafb_int","SVZ","E17_s031","E17.5","B3"
"1345",1345,109.027027027027,"Mafb_int","SVZ","E17_s031","E17.5","B3"
"1346",1346,389.540540540541,"Mafb_int","SVZ","E17_s031","E17.5","B3"
"1347",1347,137.756756756757,"Mafb_int","SVZ","E17_s031","E17.5","B3"
"1348",1348,121.108108108108,"Mafb_int","SVZ","E17_s031","E17.5","B3"
"1349",1349,92.2972972972973,"Mafb_int","SVZ","E17_s031","E17.5","B3"
"1350",1350,429.891891891892,"Mafb_int","SVZ","E17_s031","E17.5","B3"
"1351",1351,1164.95454545455,"Mafb_int","SVZ","E17_s031","E17.5","B3"
"1352",1352,179.378378378378,"Mafb_int","SVZ","E17_s031","E17.5","B3"
"1353",1353,207.540540540541,"Mafb_int","SVZ","E17_s031","E17.5","B3"
"1354",1354,192.297297297297,"Mafb_int","SVZ","E17_s031","E17.5","B3"
"1355",1355,899.864864864865,"tdt_int","MZ","E17_s033","E17.5","B1"
"1356",1356,3478.37837837838,"tdt_int","MZ","E17_s033","E17.5","B1"
"1357",1357,1542.37837837838,"tdt_int","MZ","E17_s033","E17.5","B1"
"1358",1358,785.216216216216,"tdt_int","MZ","E17_s033","E17.5","B1"
"1359",1359,895.702702702703,"tdt_int","MZ","E17_s033","E17.5","B1"
"1360",1360,1000.05405405405,"tdt_int","MZ","E17_s033","E17.5","B1"
"1361",1361,1217.64864864865,"tdt_int","MZ","E17_s033","E17.5","B1"
"1362",1362,4035.54054054054,"tdt_int","MZ","E17_s033","E17.5","B1"
"1363",1363,998.27027027027,"tdt_int","MZ","E17_s033","E17.5","B1"
"1364",1364,1145.37837837838,"tdt_int","MZ","E17_s033","E17.5","B1"
"1365",1365,827.351351351351,"tdt_int","MZ","E17_s033","E17.5","B1"
"1366",1366,2479.40540540541,"tdt_int","MZ","E17_s033","E17.5","B1"
"1367",1367,2938.97297297297,"tdt_int","MZ","E17_s033","E17.5","B1"
"1368",1368,963.27027027027,"tdt_int","MZ","E17_s033","E17.5","B1"
"1369",1369,1526.02702702703,"tdt_int","MZ","E17_s033","E17.5","B1"
"1370",1370,2262.67567567568,"tdt_int","MZ","E17_s033","E17.5","B1"
"1371",1371,171.486486486486,"Mafb_int","MZ","E17_s033","E17.5","B1"
"1372",1372,474.783783783784,"Mafb_int","MZ","E17_s033","E17.5","B1"
"1373",1373,332.621621621622,"Mafb_int","MZ","E17_s033","E17.5","B1"
"1374",1374,255.108108108108,"Mafb_int","MZ","E17_s033","E17.5","B1"
"1375",1375,88.5405405405405,"Mafb_int","MZ","E17_s033","E17.5","B1"
"1376",1376,244.891891891892,"Mafb_int","MZ","E17_s033","E17.5","B1"
"1377",1377,420.054054054054,"Mafb_int","MZ","E17_s033","E17.5","B1"
"1378",1378,676.567567567568,"Mafb_int","MZ","E17_s033","E17.5","B1"
"1379",1379,151.594594594595,"Mafb_int","MZ","E17_s033","E17.5","B1"
"1380",1380,382.513513513513,"Mafb_int","MZ","E17_s033","E17.5","B1"
"1381",1381,94.8918918918919,"Mafb_int","MZ","E17_s033","E17.5","B1"
"1382",1382,265.486486486487,"Mafb_int","MZ","E17_s033","E17.5","B1"
"1383",1383,453.702702702703,"Mafb_int","MZ","E17_s033","E17.5","B1"
"1384",1384,312.810810810811,"Mafb_int","MZ","E17_s033","E17.5","B1"
"1385",1385,441.918918918919,"Mafb_int","MZ","E17_s033","E17.5","B1"
"1386",1386,512.621621621622,"Mafb_int","MZ","E17_s033","E17.5","B1"
"1387",1387,954.432432432432,"tdt_int","CP","E17_s033","E17.5","B1"
"1388",1388,2029.21621621622,"tdt_int","CP","E17_s033","E17.5","B1"
"1389",1389,1517.59459459459,"tdt_int","CP","E17_s033","E17.5","B1"
"1390",1390,2029.37837837838,"tdt_int","CP","E17_s033","E17.5","B1"
"1391",1391,3282.05405405405,"tdt_int","CP","E17_s033","E17.5","B1"
"1392",1392,1699.24324324324,"tdt_int","CP","E17_s033","E17.5","B1"
"1393",1393,1786.45945945946,"tdt_int","CP","E17_s033","E17.5","B1"
"1394",1394,1630.86486486486,"tdt_int","CP","E17_s033","E17.5","B1"
"1395",1395,3748.97297297297,"tdt_int","CP","E17_s033","E17.5","B1"
"1396",1396,3095.2972972973,"tdt_int","CP","E17_s033","E17.5","B1"
"1397",1397,200.837837837838,"Mafb_int","CP","E17_s033","E17.5","B1"
"1398",1398,140.216216216216,"Mafb_int","CP","E17_s033","E17.5","B1"
"1399",1399,429.891891891892,"Mafb_int","CP","E17_s033","E17.5","B1"
"1400",1400,297.783783783784,"Mafb_int","CP","E17_s033","E17.5","B1"
"1401",1401,528.945945945946,"Mafb_int","CP","E17_s033","E17.5","B1"
"1402",1402,259,"Mafb_int","CP","E17_s033","E17.5","B1"
"1403",1403,193.486486486486,"Mafb_int","CP","E17_s033","E17.5","B1"
"1404",1404,165.351351351351,"Mafb_int","CP","E17_s033","E17.5","B1"
"1405",1405,475.486486486487,"Mafb_int","CP","E17_s033","E17.5","B1"
"1406",1406,324.594594594595,"Mafb_int","CP","E17_s033","E17.5","B1"
"1407",1407,1265.89189189189,"tdt_int","SVZ","E17_s033","E17.5","B1"
"1408",1408,1160.08108108108,"tdt_int","SVZ","E17_s033","E17.5","B1"
"1409",1409,2166.67567567568,"tdt_int","SVZ","E17_s033","E17.5","B1"
"1410",1410,3169.35135135135,"tdt_int","SVZ","E17_s033","E17.5","B1"
"1411",1411,2158.56756756757,"tdt_int","SVZ","E17_s033","E17.5","B1"
"1412",1412,2749.86486486487,"tdt_int","SVZ","E17_s033","E17.5","B1"
"1413",1413,2160.35135135135,"tdt_int","SVZ","E17_s033","E17.5","B1"
"1414",1414,2616.32432432432,"tdt_int","SVZ","E17_s033","E17.5","B1"
"1415",1415,1485.54054054054,"tdt_int","SVZ","E17_s033","E17.5","B1"
"1416",1416,3703.7027027027,"tdt_int","SVZ","E17_s033","E17.5","B1"
"1417",1417,1592.86486486486,"tdt_int","SVZ","E17_s033","E17.5","B1"
"1418",1418,3311.37837837838,"tdt_int","SVZ","E17_s033","E17.5","B1"
"1419",1419,1961.10810810811,"tdt_int","SVZ","E17_s033","E17.5","B1"
"1420",1420,2337.83783783784,"tdt_int","SVZ","E17_s033","E17.5","B1"
"1421",1421,3894.94117647059,"tdt_int","SVZ","E17_s033","E17.5","B1"
"1422",1422,216.054054054054,"Mafb_int","SVZ","E17_s033","E17.5","B1"
"1423",1423,94.1081081081081,"Mafb_int","SVZ","E17_s033","E17.5","B1"
"1424",1424,380.108108108108,"Mafb_int","SVZ","E17_s033","E17.5","B1"
"1425",1425,401.054054054054,"Mafb_int","SVZ","E17_s033","E17.5","B1"
"1426",1426,716.540540540541,"Mafb_int","SVZ","E17_s033","E17.5","B1"
"1427",1427,591.621621621622,"Mafb_int","SVZ","E17_s033","E17.5","B1"
"1428",1428,100.702702702703,"Mafb_int","SVZ","E17_s033","E17.5","B1"
"1429",1429,342.702702702703,"Mafb_int","SVZ","E17_s033","E17.5","B1"
"1430",1430,353.648648648649,"Mafb_int","SVZ","E17_s033","E17.5","B1"
"1431",1431,564.27027027027,"Mafb_int","SVZ","E17_s033","E17.5","B1"
"1432",1432,91.5945945945946,"Mafb_int","SVZ","E17_s033","E17.5","B1"
"1433",1433,344.945945945946,"Mafb_int","SVZ","E17_s033","E17.5","B1"
"1434",1434,225.594594594595,"Mafb_int","SVZ","E17_s033","E17.5","B1"
"1435",1435,241.351351351351,"Mafb_int","SVZ","E17_s033","E17.5","B1"
"1436",1436,294.411764705882,"Mafb_int","SVZ","E17_s033","E17.5","B1"
